<?xml version="1.0"?>
<!DOCTYPE BlastOutput PUBLIC "-//NCBI//NCBI BlastOutput/EN" "http://www.ncbi.nlm.nih.gov/dtd/NCBI_BlastOutput.dtd">
<BlastOutput>
  <BlastOutput_program>blastp</BlastOutput_program>
  <BlastOutput_version>BLASTP 2.2.30+</BlastOutput_version>
  <BlastOutput_reference>Stephen F. Altschul, Thomas L. Madden, Alejandro A. Sch&amp;auml;ffer, Jinghui Zhang, Zheng Zhang, Webb Miller, and David J. Lipman (1997), &quot;Gapped BLAST and PSI-BLAST: a new generation of protein database search programs&quot;, Nucleic Acids Res. 25:3389-3402.</BlastOutput_reference>
  <BlastOutput_db>/Users/mluksza/Dropbox/CancerLocal//enemy/iedb_2016//iedb.fasta</BlastOutput_db>
  <BlastOutput_query-ID>Query_1</BlastOutput_query-ID>
  <BlastOutput_query-def>M_2440</BlastOutput_query-def>
  <BlastOutput_query-len>9</BlastOutput_query-len>
  <BlastOutput_param>
    <Parameters>
      <Parameters_matrix>BLOSUM62</Parameters_matrix>
      <Parameters_expect>100000000</Parameters_expect>
      <Parameters_gap-open>11</Parameters_gap-open>
      <Parameters_gap-extend>1</Parameters_gap-extend>
      <Parameters_filter>F</Parameters_filter>
    </Parameters>
  </BlastOutput_param>
<BlastOutput_iterations>
<Iteration>
  <Iteration_iter-num>1</Iteration_iter-num>
  <Iteration_query-ID>Query_1</Iteration_query-ID>
  <Iteration_query-def>M_2440</Iteration_query-def>
  <Iteration_query-len>9</Iteration_query-len>
<Iteration_hits>
<Hit>
  <Hit_num>1</Hit_num>
  <Hit_id>gnl|BL_ORD_ID|448</Hit_id>
  <Hit_def>27241|Spike glycoprotein precursor|P59594.1|SARS coronavirus|227859</Hit_def>
  <Hit_accession>448</Hit_accession>
  <Hit_len>9</Hit_len>
  <Hit_hsps>
    <Hsp>
      <Hsp_num>1</Hsp_num>
      <Hsp_bit-score>11.927</Hsp_bit-score>
      <Hsp_score>19</Hsp_score>
      <Hsp_evalue>77.6399</Hsp_evalue>
      <Hsp_query-from>2</Hsp_query-from>
      <Hsp_query-to>8</Hsp_query-to>
      <Hsp_hit-from>2</Hsp_hit-from>
      <Hsp_hit-to>8</Hsp_hit-to>
      <Hsp_query-frame>0</Hsp_query-frame>
      <Hsp_hit-frame>0</Hsp_hit-frame>
      <Hsp_identity>4</Hsp_identity>
      <Hsp_positive>6</Hsp_positive>
      <Hsp_gaps>0</Hsp_gaps>
      <Hsp_align-len>7</Hsp_align-len>
      <Hsp_qseq>MPPPLEP</Hsp_qseq>
      <Hsp_hseq>LPDPLKP</Hsp_hseq>
      <Hsp_midline>+P PL+P</Hsp_midline>
    </Hsp>
  </Hit_hsps>
</Hit>
<Hit>
  <Hit_num>2</Hit_num>
  <Hit_id>gnl|BL_ORD_ID|1581</Hit_id>
  <Hit_def>141462|tegument protein UL21|NP_044622.1|Human alphaherpesvirus 1|10298</Hit_def>
  <Hit_accession>1581</Hit_accession>
  <Hit_len>9</Hit_len>
  <Hit_hsps>
    <Hsp>
      <Hsp_num>1</Hsp_num>
      <Hsp_bit-score>10.3862</Hsp_bit-score>
      <Hsp_score>15</Hsp_score>
      <Hsp_evalue>702.182</Hsp_evalue>
      <Hsp_query-from>2</Hsp_query-from>
      <Hsp_query-to>9</Hsp_query-to>
      <Hsp_hit-from>1</Hsp_hit-from>
      <Hsp_hit-to>8</Hsp_hit-to>
      <Hsp_query-frame>0</Hsp_query-frame>
      <Hsp_hit-frame>0</Hsp_hit-frame>
      <Hsp_identity>3</Hsp_identity>
      <Hsp_positive>6</Hsp_positive>
      <Hsp_gaps>0</Hsp_gaps>
      <Hsp_align-len>8</Hsp_align-len>
      <Hsp_qseq>MPPPLEPI</Hsp_qseq>
      <Hsp_hseq>VPRPDDPV</Hsp_hseq>
      <Hsp_midline>+P P +P+</Hsp_midline>
    </Hsp>
  </Hit_hsps>
</Hit>
</Iteration_hits>
  <Iteration_stat>
    <Statistics>
      <Statistics_db-num>2334</Statistics_db-num>
      <Statistics_db-len>25004</Statistics_db-len>
      <Statistics_hsp-len>0</Statistics_hsp-len>
      <Statistics_eff-space>225036</Statistics_eff-space>
      <Statistics_kappa>0.041</Statistics_kappa>
      <Statistics_lambda>0.267</Statistics_lambda>
      <Statistics_entropy>0.14</Statistics_entropy>
    </Statistics>
  </Iteration_stat>
</Iteration>
<Iteration>
  <Iteration_iter-num>2</Iteration_iter-num>
  <Iteration_query-ID>Query_2</Iteration_query-ID>
  <Iteration_query-def>M_2441</Iteration_query-def>
  <Iteration_query-len>9</Iteration_query-len>
<Iteration_hits>
</Iteration_hits>
  <Iteration_stat>
    <Statistics>
      <Statistics_db-num>2334</Statistics_db-num>
      <Statistics_db-len>25004</Statistics_db-len>
      <Statistics_hsp-len>0</Statistics_hsp-len>
      <Statistics_eff-space>225036</Statistics_eff-space>
      <Statistics_kappa>0.041</Statistics_kappa>
      <Statistics_lambda>0.267</Statistics_lambda>
      <Statistics_entropy>0.14</Statistics_entropy>
    </Statistics>
  </Iteration_stat>
  <Iteration_message>No hits found</Iteration_message>
</Iteration>
<Iteration>
  <Iteration_iter-num>3</Iteration_iter-num>
  <Iteration_query-ID>Query_3</Iteration_query-ID>
  <Iteration_query-def>M_2442</Iteration_query-def>
  <Iteration_query-len>9</Iteration_query-len>
<Iteration_hits>
<Hit>
  <Hit_num>1</Hit_num>
  <Hit_id>gnl|BL_ORD_ID|1970</Hit_id>
  <Hit_def>182917|polyprotein|CDF77361.1|Dengue virus 3|11069</Hit_def>
  <Hit_accession>1970</Hit_accession>
  <Hit_len>9</Hit_len>
  <Hit_hsps>
    <Hsp>
      <Hsp_num>1</Hsp_num>
      <Hsp_bit-score>14.2382</Hsp_bit-score>
      <Hsp_score>25</Hsp_score>
      <Hsp_evalue>4.1461</Hsp_evalue>
      <Hsp_query-from>1</Hsp_query-from>
      <Hsp_query-to>6</Hsp_query-to>
      <Hsp_hit-from>2</Hsp_hit-from>
      <Hsp_hit-to>7</Hsp_hit-to>
      <Hsp_query-frame>0</Hsp_query-frame>
      <Hsp_hit-frame>0</Hsp_hit-frame>
      <Hsp_identity>4</Hsp_identity>
      <Hsp_positive>6</Hsp_positive>
      <Hsp_gaps>0</Hsp_gaps>
      <Hsp_align-len>6</Hsp_align-len>
      <Hsp_qseq>YKDYAA</Hsp_qseq>
      <Hsp_hseq>FKDFAA</Hsp_hseq>
      <Hsp_midline>+KD+AA</Hsp_midline>
    </Hsp>
  </Hit_hsps>
</Hit>
</Iteration_hits>
  <Iteration_stat>
    <Statistics>
      <Statistics_db-num>2334</Statistics_db-num>
      <Statistics_db-len>25004</Statistics_db-len>
      <Statistics_hsp-len>0</Statistics_hsp-len>
      <Statistics_eff-space>225036</Statistics_eff-space>
      <Statistics_kappa>0.041</Statistics_kappa>
      <Statistics_lambda>0.267</Statistics_lambda>
      <Statistics_entropy>0.14</Statistics_entropy>
    </Statistics>
  </Iteration_stat>
</Iteration>
<Iteration>
  <Iteration_iter-num>4</Iteration_iter-num>
  <Iteration_query-ID>Query_4</Iteration_query-ID>
  <Iteration_query-def>M_2443</Iteration_query-def>
  <Iteration_query-len>9</Iteration_query-len>
<Iteration_hits>
<Hit>
  <Hit_num>1</Hit_num>
  <Hit_id>gnl|BL_ORD_ID|1097</Hit_id>
  <Hit_def>72563|polyprotein|AAB70696.1|Dengue virus type 1 Hawaii|10000440</Hit_def>
  <Hit_accession>1097</Hit_accession>
  <Hit_len>20</Hit_len>
  <Hit_hsps>
    <Hsp>
      <Hsp_num>1</Hsp_num>
      <Hsp_bit-score>12.6974</Hsp_bit-score>
      <Hsp_score>21</Hsp_score>
      <Hsp_evalue>29.0269</Hsp_evalue>
      <Hsp_query-from>2</Hsp_query-from>
      <Hsp_query-to>9</Hsp_query-to>
      <Hsp_hit-from>2</Hsp_hit-from>
      <Hsp_hit-to>9</Hsp_hit-to>
      <Hsp_query-frame>0</Hsp_query-frame>
      <Hsp_hit-frame>0</Hsp_hit-frame>
      <Hsp_identity>4</Hsp_identity>
      <Hsp_positive>5</Hsp_positive>
      <Hsp_gaps>0</Hsp_gaps>
      <Hsp_align-len>8</Hsp_align-len>
      <Hsp_qseq>NLDSDNTY</Hsp_qseq>
      <Hsp_hseq>HYDEDNPY</Hsp_hseq>
      <Hsp_midline>+ D DN Y</Hsp_midline>
    </Hsp>
  </Hit_hsps>
</Hit>
</Iteration_hits>
  <Iteration_stat>
    <Statistics>
      <Statistics_db-num>2334</Statistics_db-num>
      <Statistics_db-len>25004</Statistics_db-len>
      <Statistics_hsp-len>0</Statistics_hsp-len>
      <Statistics_eff-space>225036</Statistics_eff-space>
      <Statistics_kappa>0.041</Statistics_kappa>
      <Statistics_lambda>0.267</Statistics_lambda>
      <Statistics_entropy>0.14</Statistics_entropy>
    </Statistics>
  </Iteration_stat>
</Iteration>
<Iteration>
  <Iteration_iter-num>5</Iteration_iter-num>
  <Iteration_query-ID>Query_5</Iteration_query-ID>
  <Iteration_query-def>M_2444</Iteration_query-def>
  <Iteration_query-len>9</Iteration_query-len>
<Iteration_hits>
</Iteration_hits>
  <Iteration_stat>
    <Statistics>
      <Statistics_db-num>2334</Statistics_db-num>
      <Statistics_db-len>25004</Statistics_db-len>
      <Statistics_hsp-len>0</Statistics_hsp-len>
      <Statistics_eff-space>225036</Statistics_eff-space>
      <Statistics_kappa>0.041</Statistics_kappa>
      <Statistics_lambda>0.267</Statistics_lambda>
      <Statistics_entropy>0.14</Statistics_entropy>
    </Statistics>
  </Iteration_stat>
  <Iteration_message>No hits found</Iteration_message>
</Iteration>
<Iteration>
  <Iteration_iter-num>6</Iteration_iter-num>
  <Iteration_query-ID>Query_6</Iteration_query-ID>
  <Iteration_query-def>M_2445</Iteration_query-def>
  <Iteration_query-len>9</Iteration_query-len>
<Iteration_hits>
</Iteration_hits>
  <Iteration_stat>
    <Statistics>
      <Statistics_db-num>2334</Statistics_db-num>
      <Statistics_db-len>25004</Statistics_db-len>
      <Statistics_hsp-len>0</Statistics_hsp-len>
      <Statistics_eff-space>225036</Statistics_eff-space>
      <Statistics_kappa>0.041</Statistics_kappa>
      <Statistics_lambda>0.267</Statistics_lambda>
      <Statistics_entropy>0.14</Statistics_entropy>
    </Statistics>
  </Iteration_stat>
  <Iteration_message>No hits found</Iteration_message>
</Iteration>
<Iteration>
  <Iteration_iter-num>7</Iteration_iter-num>
  <Iteration_query-ID>Query_7</Iteration_query-ID>
  <Iteration_query-def>M_2446</Iteration_query-def>
  <Iteration_query-len>9</Iteration_query-len>
<Iteration_hits>
<Hit>
  <Hit_num>1</Hit_num>
  <Hit_id>gnl|BL_ORD_ID|1110</Hit_id>
  <Hit_def>73059|kaposin|AAC57155.1|Human gammaherpesvirus 8|37296</Hit_def>
  <Hit_accession>1110</Hit_accession>
  <Hit_len>15</Hit_len>
  <Hit_hsps>
    <Hsp>
      <Hsp_num>1</Hsp_num>
      <Hsp_bit-score>13.0826</Hsp_bit-score>
      <Hsp_score>22</Hsp_score>
      <Hsp_evalue>17.5339</Hsp_evalue>
      <Hsp_query-from>2</Hsp_query-from>
      <Hsp_query-to>7</Hsp_query-to>
      <Hsp_hit-from>7</Hsp_hit-from>
      <Hsp_hit-to>12</Hsp_hit-to>
      <Hsp_query-frame>0</Hsp_query-frame>
      <Hsp_hit-frame>0</Hsp_hit-frame>
      <Hsp_identity>4</Hsp_identity>
      <Hsp_positive>6</Hsp_positive>
      <Hsp_gaps>0</Hsp_gaps>
      <Hsp_align-len>6</Hsp_align-len>
      <Hsp_qseq>AVPPLL</Hsp_qseq>
      <Hsp_hseq>AIPPLV</Hsp_hseq>
      <Hsp_midline>A+PPL+</Hsp_midline>
    </Hsp>
  </Hit_hsps>
</Hit>
</Iteration_hits>
  <Iteration_stat>
    <Statistics>
      <Statistics_db-num>2334</Statistics_db-num>
      <Statistics_db-len>25004</Statistics_db-len>
      <Statistics_hsp-len>0</Statistics_hsp-len>
      <Statistics_eff-space>225036</Statistics_eff-space>
      <Statistics_kappa>0.041</Statistics_kappa>
      <Statistics_lambda>0.267</Statistics_lambda>
      <Statistics_entropy>0.14</Statistics_entropy>
    </Statistics>
  </Iteration_stat>
</Iteration>
<Iteration>
  <Iteration_iter-num>8</Iteration_iter-num>
  <Iteration_query-ID>Query_8</Iteration_query-ID>
  <Iteration_query-def>M_2447</Iteration_query-def>
  <Iteration_query-len>9</Iteration_query-len>
<Iteration_hits>
</Iteration_hits>
  <Iteration_stat>
    <Statistics>
      <Statistics_db-num>2334</Statistics_db-num>
      <Statistics_db-len>25004</Statistics_db-len>
      <Statistics_hsp-len>0</Statistics_hsp-len>
      <Statistics_eff-space>225036</Statistics_eff-space>
      <Statistics_kappa>0.041</Statistics_kappa>
      <Statistics_lambda>0.267</Statistics_lambda>
      <Statistics_entropy>0.14</Statistics_entropy>
    </Statistics>
  </Iteration_stat>
  <Iteration_message>No hits found</Iteration_message>
</Iteration>
<Iteration>
  <Iteration_iter-num>9</Iteration_iter-num>
  <Iteration_query-ID>Query_9</Iteration_query-ID>
  <Iteration_query-def>M_2448</Iteration_query-def>
  <Iteration_query-len>9</Iteration_query-len>
<Iteration_hits>
</Iteration_hits>
  <Iteration_stat>
    <Statistics>
      <Statistics_db-num>2334</Statistics_db-num>
      <Statistics_db-len>25004</Statistics_db-len>
      <Statistics_hsp-len>0</Statistics_hsp-len>
      <Statistics_eff-space>225036</Statistics_eff-space>
      <Statistics_kappa>0.041</Statistics_kappa>
      <Statistics_lambda>0.267</Statistics_lambda>
      <Statistics_entropy>0.14</Statistics_entropy>
    </Statistics>
  </Iteration_stat>
  <Iteration_message>No hits found</Iteration_message>
</Iteration>
<Iteration>
  <Iteration_iter-num>10</Iteration_iter-num>
  <Iteration_query-ID>Query_10</Iteration_query-ID>
  <Iteration_query-def>M_2449</Iteration_query-def>
  <Iteration_query-len>9</Iteration_query-len>
<Iteration_hits>
</Iteration_hits>
  <Iteration_stat>
    <Statistics>
      <Statistics_db-num>2334</Statistics_db-num>
      <Statistics_db-len>25004</Statistics_db-len>
      <Statistics_hsp-len>0</Statistics_hsp-len>
      <Statistics_eff-space>225036</Statistics_eff-space>
      <Statistics_kappa>0.041</Statistics_kappa>
      <Statistics_lambda>0.267</Statistics_lambda>
      <Statistics_entropy>0.14</Statistics_entropy>
    </Statistics>
  </Iteration_stat>
  <Iteration_message>No hits found</Iteration_message>
</Iteration>
<Iteration>
  <Iteration_iter-num>11</Iteration_iter-num>
  <Iteration_query-ID>Query_11</Iteration_query-ID>
  <Iteration_query-def>M_2450</Iteration_query-def>
  <Iteration_query-len>9</Iteration_query-len>
<Iteration_hits>
</Iteration_hits>
  <Iteration_stat>
    <Statistics>
      <Statistics_db-num>2334</Statistics_db-num>
      <Statistics_db-len>25004</Statistics_db-len>
      <Statistics_hsp-len>0</Statistics_hsp-len>
      <Statistics_eff-space>225036</Statistics_eff-space>
      <Statistics_kappa>0.041</Statistics_kappa>
      <Statistics_lambda>0.267</Statistics_lambda>
      <Statistics_entropy>0.14</Statistics_entropy>
    </Statistics>
  </Iteration_stat>
  <Iteration_message>No hits found</Iteration_message>
</Iteration>
<Iteration>
  <Iteration_iter-num>12</Iteration_iter-num>
  <Iteration_query-ID>Query_12</Iteration_query-ID>
  <Iteration_query-def>M_2451</Iteration_query-def>
  <Iteration_query-len>9</Iteration_query-len>
<Iteration_hits>
</Iteration_hits>
  <Iteration_stat>
    <Statistics>
      <Statistics_db-num>2334</Statistics_db-num>
      <Statistics_db-len>25004</Statistics_db-len>
      <Statistics_hsp-len>0</Statistics_hsp-len>
      <Statistics_eff-space>225036</Statistics_eff-space>
      <Statistics_kappa>0.041</Statistics_kappa>
      <Statistics_lambda>0.267</Statistics_lambda>
      <Statistics_entropy>0.14</Statistics_entropy>
    </Statistics>
  </Iteration_stat>
  <Iteration_message>No hits found</Iteration_message>
</Iteration>
<Iteration>
  <Iteration_iter-num>13</Iteration_iter-num>
  <Iteration_query-ID>Query_13</Iteration_query-ID>
  <Iteration_query-def>M_2452</Iteration_query-def>
  <Iteration_query-len>9</Iteration_query-len>
<Iteration_hits>
</Iteration_hits>
  <Iteration_stat>
    <Statistics>
      <Statistics_db-num>2334</Statistics_db-num>
      <Statistics_db-len>25004</Statistics_db-len>
      <Statistics_hsp-len>0</Statistics_hsp-len>
      <Statistics_eff-space>225036</Statistics_eff-space>
      <Statistics_kappa>0.041</Statistics_kappa>
      <Statistics_lambda>0.267</Statistics_lambda>
      <Statistics_entropy>0.14</Statistics_entropy>
    </Statistics>
  </Iteration_stat>
  <Iteration_message>No hits found</Iteration_message>
</Iteration>
<Iteration>
  <Iteration_iter-num>14</Iteration_iter-num>
  <Iteration_query-ID>Query_14</Iteration_query-ID>
  <Iteration_query-def>M_2453</Iteration_query-def>
  <Iteration_query-len>9</Iteration_query-len>
<Iteration_hits>
<Hit>
  <Hit_num>1</Hit_num>
  <Hit_id>gnl|BL_ORD_ID|1179</Hit_id>
  <Hit_def>79628|E1 protein|BAA19893.1|Rubella virus|11041</Hit_def>
  <Hit_accession>1179</Hit_accession>
  <Hit_len>21</Hit_len>
  <Hit_hsps>
    <Hsp>
      <Hsp_num>1</Hsp_num>
      <Hsp_bit-score>12.3122</Hsp_bit-score>
      <Hsp_score>20</Hsp_score>
      <Hsp_evalue>39.4328</Hsp_evalue>
      <Hsp_query-from>4</Hsp_query-from>
      <Hsp_query-to>9</Hsp_query-to>
      <Hsp_hit-from>14</Hsp_hit-from>
      <Hsp_hit-to>19</Hsp_hit-to>
      <Hsp_query-frame>0</Hsp_query-frame>
      <Hsp_hit-frame>0</Hsp_hit-frame>
      <Hsp_identity>4</Hsp_identity>
      <Hsp_positive>5</Hsp_positive>
      <Hsp_gaps>0</Hsp_gaps>
      <Hsp_align-len>6</Hsp_align-len>
      <Hsp_qseq>PTSPAA</Hsp_qseq>
      <Hsp_hseq>PTAPCA</Hsp_hseq>
      <Hsp_midline>PT+P A</Hsp_midline>
    </Hsp>
  </Hit_hsps>
</Hit>
<Hit>
  <Hit_num>2</Hit_num>
  <Hit_id>gnl|BL_ORD_ID|1573</Hit_id>
  <Hit_def>141402|tegument protein VP22|NP_044651.1|Human alphaherpesvirus 1|10298</Hit_def>
  <Hit_accession>1573</Hit_accession>
  <Hit_len>10</Hit_len>
  <Hit_hsps>
    <Hsp>
      <Hsp_num>1</Hsp_num>
      <Hsp_bit-score>11.927</Hsp_bit-score>
      <Hsp_score>19</Hsp_score>
      <Hsp_evalue>68.8532</Hsp_evalue>
      <Hsp_query-from>2</Hsp_query-from>
      <Hsp_query-to>8</Hsp_query-to>
      <Hsp_hit-from>4</Hsp_hit-from>
      <Hsp_hit-to>10</Hsp_hit-to>
      <Hsp_query-frame>0</Hsp_query-frame>
      <Hsp_hit-frame>0</Hsp_hit-frame>
      <Hsp_identity>4</Hsp_identity>
      <Hsp_positive>5</Hsp_positive>
      <Hsp_gaps>0</Hsp_gaps>
      <Hsp_align-len>7</Hsp_align-len>
      <Hsp_qseq>EEPTSPA</Hsp_qseq>
      <Hsp_hseq>ERPRAPA</Hsp_hseq>
      <Hsp_midline>E P +PA</Hsp_midline>
    </Hsp>
  </Hit_hsps>
</Hit>
</Iteration_hits>
  <Iteration_stat>
    <Statistics>
      <Statistics_db-num>2334</Statistics_db-num>
      <Statistics_db-len>25004</Statistics_db-len>
      <Statistics_hsp-len>0</Statistics_hsp-len>
      <Statistics_eff-space>225036</Statistics_eff-space>
      <Statistics_kappa>0.041</Statistics_kappa>
      <Statistics_lambda>0.267</Statistics_lambda>
      <Statistics_entropy>0.14</Statistics_entropy>
    </Statistics>
  </Iteration_stat>
</Iteration>
<Iteration>
  <Iteration_iter-num>15</Iteration_iter-num>
  <Iteration_query-ID>Query_15</Iteration_query-ID>
  <Iteration_query-def>M_2454</Iteration_query-def>
  <Iteration_query-len>9</Iteration_query-len>
<Iteration_hits>
<Hit>
  <Hit_num>1</Hit_num>
  <Hit_id>gnl|BL_ORD_ID|876</Hit_id>
  <Hit_def>57591|Cobalamin (vitamin B12) synthesis protein/P47K family protein|YP_169986.1|Francisella tularensis subsp. tularensis SCHU S4|177416</Hit_def>
  <Hit_accession>876</Hit_accession>
  <Hit_len>10</Hit_len>
  <Hit_hsps>
    <Hsp>
      <Hsp_num>1</Hsp_num>
      <Hsp_bit-score>12.6974</Hsp_bit-score>
      <Hsp_score>21</Hsp_score>
      <Hsp_evalue>25.2038</Hsp_evalue>
      <Hsp_query-from>4</Hsp_query-from>
      <Hsp_query-to>9</Hsp_query-to>
      <Hsp_hit-from>1</Hsp_hit-from>
      <Hsp_hit-to>6</Hsp_hit-to>
      <Hsp_query-frame>0</Hsp_query-frame>
      <Hsp_hit-frame>0</Hsp_hit-frame>
      <Hsp_identity>3</Hsp_identity>
      <Hsp_positive>5</Hsp_positive>
      <Hsp_gaps>0</Hsp_gaps>
      <Hsp_align-len>6</Hsp_align-len>
      <Hsp_qseq>SRPIPI</Hsp_qseq>
      <Hsp_hseq>SEPLPV</Hsp_hseq>
      <Hsp_midline>S P+P+</Hsp_midline>
    </Hsp>
  </Hit_hsps>
</Hit>
</Iteration_hits>
  <Iteration_stat>
    <Statistics>
      <Statistics_db-num>2334</Statistics_db-num>
      <Statistics_db-len>25004</Statistics_db-len>
      <Statistics_hsp-len>0</Statistics_hsp-len>
      <Statistics_eff-space>225036</Statistics_eff-space>
      <Statistics_kappa>0.041</Statistics_kappa>
      <Statistics_lambda>0.267</Statistics_lambda>
      <Statistics_entropy>0.14</Statistics_entropy>
    </Statistics>
  </Iteration_stat>
</Iteration>
<Iteration>
  <Iteration_iter-num>16</Iteration_iter-num>
  <Iteration_query-ID>Query_16</Iteration_query-ID>
  <Iteration_query-def>M_2455</Iteration_query-def>
  <Iteration_query-len>9</Iteration_query-len>
<Iteration_hits>
</Iteration_hits>
  <Iteration_stat>
    <Statistics>
      <Statistics_db-num>2334</Statistics_db-num>
      <Statistics_db-len>25004</Statistics_db-len>
      <Statistics_hsp-len>0</Statistics_hsp-len>
      <Statistics_eff-space>225036</Statistics_eff-space>
      <Statistics_kappa>0.041</Statistics_kappa>
      <Statistics_lambda>0.267</Statistics_lambda>
      <Statistics_entropy>0.14</Statistics_entropy>
    </Statistics>
  </Iteration_stat>
  <Iteration_message>No hits found</Iteration_message>
</Iteration>
<Iteration>
  <Iteration_iter-num>17</Iteration_iter-num>
  <Iteration_query-ID>Query_17</Iteration_query-ID>
  <Iteration_query-def>M_2456</Iteration_query-def>
  <Iteration_query-len>9</Iteration_query-len>
<Iteration_hits>
<Hit>
  <Hit_num>1</Hit_num>
  <Hit_id>gnl|BL_ORD_ID|1152</Hit_id>
  <Hit_def>75718|HCMVUL83|CAA35357.1|Human betaherpesvirus 5|10359</Hit_def>
  <Hit_accession>1152</Hit_accession>
  <Hit_len>11</Hit_len>
  <Hit_hsps>
    <Hsp>
      <Hsp_num>1</Hsp_num>
      <Hsp_bit-score>13.0826</Hsp_bit-score>
      <Hsp_score>22</Hsp_score>
      <Hsp_evalue>16.3278</Hsp_evalue>
      <Hsp_query-from>1</Hsp_query-from>
      <Hsp_query-to>6</Hsp_query-to>
      <Hsp_hit-from>5</Hsp_hit-from>
      <Hsp_hit-to>10</Hsp_hit-to>
      <Hsp_query-frame>0</Hsp_query-frame>
      <Hsp_hit-frame>0</Hsp_hit-frame>
      <Hsp_identity>4</Hsp_identity>
      <Hsp_positive>5</Hsp_positive>
      <Hsp_gaps>0</Hsp_gaps>
      <Hsp_align-len>6</Hsp_align-len>
      <Hsp_qseq>PLFTTQ</Hsp_qseq>
      <Hsp_hseq>PTFTSQ</Hsp_hseq>
      <Hsp_midline>P FT+Q</Hsp_midline>
    </Hsp>
  </Hit_hsps>
</Hit>
</Iteration_hits>
  <Iteration_stat>
    <Statistics>
      <Statistics_db-num>2334</Statistics_db-num>
      <Statistics_db-len>25004</Statistics_db-len>
      <Statistics_hsp-len>0</Statistics_hsp-len>
      <Statistics_eff-space>225036</Statistics_eff-space>
      <Statistics_kappa>0.041</Statistics_kappa>
      <Statistics_lambda>0.267</Statistics_lambda>
      <Statistics_entropy>0.14</Statistics_entropy>
    </Statistics>
  </Iteration_stat>
</Iteration>
<Iteration>
  <Iteration_iter-num>18</Iteration_iter-num>
  <Iteration_query-ID>Query_18</Iteration_query-ID>
  <Iteration_query-def>M_2457</Iteration_query-def>
  <Iteration_query-len>9</Iteration_query-len>
<Iteration_hits>
</Iteration_hits>
  <Iteration_stat>
    <Statistics>
      <Statistics_db-num>2334</Statistics_db-num>
      <Statistics_db-len>25004</Statistics_db-len>
      <Statistics_hsp-len>0</Statistics_hsp-len>
      <Statistics_eff-space>225036</Statistics_eff-space>
      <Statistics_kappa>0.041</Statistics_kappa>
      <Statistics_lambda>0.267</Statistics_lambda>
      <Statistics_entropy>0.14</Statistics_entropy>
    </Statistics>
  </Iteration_stat>
  <Iteration_message>No hits found</Iteration_message>
</Iteration>
<Iteration>
  <Iteration_iter-num>19</Iteration_iter-num>
  <Iteration_query-ID>Query_19</Iteration_query-ID>
  <Iteration_query-def>M_2458</Iteration_query-def>
  <Iteration_query-len>9</Iteration_query-len>
<Iteration_hits>
</Iteration_hits>
  <Iteration_stat>
    <Statistics>
      <Statistics_db-num>2334</Statistics_db-num>
      <Statistics_db-len>25004</Statistics_db-len>
      <Statistics_hsp-len>0</Statistics_hsp-len>
      <Statistics_eff-space>225036</Statistics_eff-space>
      <Statistics_kappa>0.041</Statistics_kappa>
      <Statistics_lambda>0.267</Statistics_lambda>
      <Statistics_entropy>0.14</Statistics_entropy>
    </Statistics>
  </Iteration_stat>
  <Iteration_message>No hits found</Iteration_message>
</Iteration>
<Iteration>
  <Iteration_iter-num>20</Iteration_iter-num>
  <Iteration_query-ID>Query_20</Iteration_query-ID>
  <Iteration_query-def>M_2459</Iteration_query-def>
  <Iteration_query-len>9</Iteration_query-len>
<Iteration_hits>
</Iteration_hits>
  <Iteration_stat>
    <Statistics>
      <Statistics_db-num>2334</Statistics_db-num>
      <Statistics_db-len>25004</Statistics_db-len>
      <Statistics_hsp-len>0</Statistics_hsp-len>
      <Statistics_eff-space>225036</Statistics_eff-space>
      <Statistics_kappa>0.041</Statistics_kappa>
      <Statistics_lambda>0.267</Statistics_lambda>
      <Statistics_entropy>0.14</Statistics_entropy>
    </Statistics>
  </Iteration_stat>
  <Iteration_message>No hits found</Iteration_message>
</Iteration>
<Iteration>
  <Iteration_iter-num>21</Iteration_iter-num>
  <Iteration_query-ID>Query_21</Iteration_query-ID>
  <Iteration_query-def>M_2460</Iteration_query-def>
  <Iteration_query-len>9</Iteration_query-len>
<Iteration_hits>
</Iteration_hits>
  <Iteration_stat>
    <Statistics>
      <Statistics_db-num>2334</Statistics_db-num>
      <Statistics_db-len>25004</Statistics_db-len>
      <Statistics_hsp-len>0</Statistics_hsp-len>
      <Statistics_eff-space>225036</Statistics_eff-space>
      <Statistics_kappa>0.041</Statistics_kappa>
      <Statistics_lambda>0.267</Statistics_lambda>
      <Statistics_entropy>0.14</Statistics_entropy>
    </Statistics>
  </Iteration_stat>
  <Iteration_message>No hits found</Iteration_message>
</Iteration>
<Iteration>
  <Iteration_iter-num>22</Iteration_iter-num>
  <Iteration_query-ID>Query_22</Iteration_query-ID>
  <Iteration_query-def>M_2461</Iteration_query-def>
  <Iteration_query-len>9</Iteration_query-len>
<Iteration_hits>
<Hit>
  <Hit_num>1</Hit_num>
  <Hit_id>gnl|BL_ORD_ID|452</Hit_id>
  <Hit_def>27345|Large envelope protein|P03138.3|Hepatitis B virus subtype ayw|10418</Hit_def>
  <Hit_accession>452</Hit_accession>
  <Hit_len>9</Hit_len>
  <Hit_hsps>
    <Hsp>
      <Hsp_num>1</Hsp_num>
      <Hsp_bit-score>11.927</Hsp_bit-score>
      <Hsp_score>19</Hsp_score>
      <Hsp_evalue>82.8955</Hsp_evalue>
      <Hsp_query-from>2</Hsp_query-from>
      <Hsp_query-to>7</Hsp_query-to>
      <Hsp_hit-from>4</Hsp_hit-from>
      <Hsp_hit-to>9</Hsp_hit-to>
      <Hsp_query-frame>0</Hsp_query-frame>
      <Hsp_hit-frame>0</Hsp_hit-frame>
      <Hsp_identity>4</Hsp_identity>
      <Hsp_positive>5</Hsp_positive>
      <Hsp_gaps>0</Hsp_gaps>
      <Hsp_align-len>6</Hsp_align-len>
      <Hsp_qseq>PILPLI</Hsp_qseq>
      <Hsp_hseq>PFLPLL</Hsp_hseq>
      <Hsp_midline>P LPL+</Hsp_midline>
    </Hsp>
  </Hit_hsps>
</Hit>
</Iteration_hits>
  <Iteration_stat>
    <Statistics>
      <Statistics_db-num>2334</Statistics_db-num>
      <Statistics_db-len>25004</Statistics_db-len>
      <Statistics_hsp-len>0</Statistics_hsp-len>
      <Statistics_eff-space>225036</Statistics_eff-space>
      <Statistics_kappa>0.041</Statistics_kappa>
      <Statistics_lambda>0.267</Statistics_lambda>
      <Statistics_entropy>0.14</Statistics_entropy>
    </Statistics>
  </Iteration_stat>
</Iteration>
<Iteration>
  <Iteration_iter-num>23</Iteration_iter-num>
  <Iteration_query-ID>Query_23</Iteration_query-ID>
  <Iteration_query-def>M_2462</Iteration_query-def>
  <Iteration_query-len>9</Iteration_query-len>
<Iteration_hits>
</Iteration_hits>
  <Iteration_stat>
    <Statistics>
      <Statistics_db-num>2334</Statistics_db-num>
      <Statistics_db-len>25004</Statistics_db-len>
      <Statistics_hsp-len>0</Statistics_hsp-len>
      <Statistics_eff-space>225036</Statistics_eff-space>
      <Statistics_kappa>0.041</Statistics_kappa>
      <Statistics_lambda>0.267</Statistics_lambda>
      <Statistics_entropy>0.14</Statistics_entropy>
    </Statistics>
  </Iteration_stat>
  <Iteration_message>No hits found</Iteration_message>
</Iteration>
<Iteration>
  <Iteration_iter-num>24</Iteration_iter-num>
  <Iteration_query-ID>Query_24</Iteration_query-ID>
  <Iteration_query-def>M_2463</Iteration_query-def>
  <Iteration_query-len>9</Iteration_query-len>
<Iteration_hits>
</Iteration_hits>
  <Iteration_stat>
    <Statistics>
      <Statistics_db-num>2334</Statistics_db-num>
      <Statistics_db-len>25004</Statistics_db-len>
      <Statistics_hsp-len>0</Statistics_hsp-len>
      <Statistics_eff-space>225036</Statistics_eff-space>
      <Statistics_kappa>0.041</Statistics_kappa>
      <Statistics_lambda>0.267</Statistics_lambda>
      <Statistics_entropy>0.14</Statistics_entropy>
    </Statistics>
  </Iteration_stat>
  <Iteration_message>No hits found</Iteration_message>
</Iteration>
<Iteration>
  <Iteration_iter-num>25</Iteration_iter-num>
  <Iteration_query-ID>Query_25</Iteration_query-ID>
  <Iteration_query-def>M_2464</Iteration_query-def>
  <Iteration_query-len>9</Iteration_query-len>
<Iteration_hits>
</Iteration_hits>
  <Iteration_stat>
    <Statistics>
      <Statistics_db-num>2334</Statistics_db-num>
      <Statistics_db-len>25004</Statistics_db-len>
      <Statistics_hsp-len>0</Statistics_hsp-len>
      <Statistics_eff-space>225036</Statistics_eff-space>
      <Statistics_kappa>0.041</Statistics_kappa>
      <Statistics_lambda>0.267</Statistics_lambda>
      <Statistics_entropy>0.14</Statistics_entropy>
    </Statistics>
  </Iteration_stat>
  <Iteration_message>No hits found</Iteration_message>
</Iteration>
<Iteration>
  <Iteration_iter-num>26</Iteration_iter-num>
  <Iteration_query-ID>Query_26</Iteration_query-ID>
  <Iteration_query-def>M_2465</Iteration_query-def>
  <Iteration_query-len>9</Iteration_query-len>
<Iteration_hits>
</Iteration_hits>
  <Iteration_stat>
    <Statistics>
      <Statistics_db-num>2334</Statistics_db-num>
      <Statistics_db-len>25004</Statistics_db-len>
      <Statistics_hsp-len>0</Statistics_hsp-len>
      <Statistics_eff-space>225036</Statistics_eff-space>
      <Statistics_kappa>0.041</Statistics_kappa>
      <Statistics_lambda>0.267</Statistics_lambda>
      <Statistics_entropy>0.14</Statistics_entropy>
    </Statistics>
  </Iteration_stat>
  <Iteration_message>No hits found</Iteration_message>
</Iteration>
<Iteration>
  <Iteration_iter-num>27</Iteration_iter-num>
  <Iteration_query-ID>Query_27</Iteration_query-ID>
  <Iteration_query-def>M_2466</Iteration_query-def>
  <Iteration_query-len>9</Iteration_query-len>
<Iteration_hits>
<Hit>
  <Hit_num>1</Hit_num>
  <Hit_id>gnl|BL_ORD_ID|741</Hit_id>
  <Hit_def>47760|EBNA-1 protein|Q777E1|Human gammaherpesvirus 4|10376</Hit_def>
  <Hit_accession>741</Hit_accession>
  <Hit_len>15</Hit_len>
  <Hit_hsps>
    <Hsp>
      <Hsp_num>1</Hsp_num>
      <Hsp_bit-score>10.3862</Hsp_bit-score>
      <Hsp_score>15</Hsp_score>
      <Hsp_evalue>419.458</Hsp_evalue>
      <Hsp_query-from>2</Hsp_query-from>
      <Hsp_query-to>7</Hsp_query-to>
      <Hsp_hit-from>1</Hsp_hit-from>
      <Hsp_hit-to>6</Hsp_hit-to>
      <Hsp_query-frame>0</Hsp_query-frame>
      <Hsp_hit-frame>0</Hsp_hit-frame>
      <Hsp_identity>4</Hsp_identity>
      <Hsp_positive>4</Hsp_positive>
      <Hsp_gaps>0</Hsp_gaps>
      <Hsp_align-len>6</Hsp_align-len>
      <Hsp_qseq>PGPIPG</Hsp_qseq>
      <Hsp_hseq>PGTGPG</Hsp_hseq>
      <Hsp_midline>PG  PG</Hsp_midline>
    </Hsp>
  </Hit_hsps>
</Hit>
<Hit>
  <Hit_num>2</Hit_num>
  <Hit_id>gnl|BL_ORD_ID|75</Hit_id>
  <Hit_def>5542|Nonstructural protein NS3|NP_739587.2|Dengue virus 2 Thailand/16681/84|31634</Hit_def>
  <Hit_accession>75</Hit_accession>
  <Hit_len>15</Hit_len>
  <Hit_hsps>
    <Hsp>
      <Hsp_num>1</Hsp_num>
      <Hsp_bit-score>10.001</Hsp_bit-score>
      <Hsp_score>14</Hsp_score>
      <Hsp_evalue>709.084</Hsp_evalue>
      <Hsp_query-from>2</Hsp_query-from>
      <Hsp_query-to>9</Hsp_query-to>
      <Hsp_hit-from>8</Hsp_hit-from>
      <Hsp_hit-to>15</Hsp_hit-to>
      <Hsp_query-frame>0</Hsp_query-frame>
      <Hsp_hit-frame>0</Hsp_hit-frame>
      <Hsp_identity>4</Hsp_identity>
      <Hsp_positive>4</Hsp_positive>
      <Hsp_gaps>0</Hsp_gaps>
      <Hsp_align-len>8</Hsp_align-len>
      <Hsp_qseq>PGPIPGPI</Hsp_qseq>
      <Hsp_hseq>PGTSGSPI</Hsp_hseq>
      <Hsp_midline>PG    PI</Hsp_midline>
    </Hsp>
  </Hit_hsps>
</Hit>
<Hit>
  <Hit_num>3</Hit_num>
  <Hit_id>gnl|BL_ORD_ID|1929</Hit_id>
  <Hit_def>180750|Nonstructural protein NS3|NP_739587.2|Dengue virus 2 D2/SG/05K4155DK1/2005|10002010</Hit_def>
  <Hit_accession>1929</Hit_accession>
  <Hit_len>15</Hit_len>
  <Hit_hsps>
    <Hsp>
      <Hsp_num>1</Hsp_num>
      <Hsp_bit-score>10.001</Hsp_bit-score>
      <Hsp_score>14</Hsp_score>
      <Hsp_evalue>819.307</Hsp_evalue>
      <Hsp_query-from>2</Hsp_query-from>
      <Hsp_query-to>9</Hsp_query-to>
      <Hsp_hit-from>2</Hsp_hit-from>
      <Hsp_hit-to>9</Hsp_hit-to>
      <Hsp_query-frame>0</Hsp_query-frame>
      <Hsp_hit-frame>0</Hsp_hit-frame>
      <Hsp_identity>4</Hsp_identity>
      <Hsp_positive>4</Hsp_positive>
      <Hsp_gaps>0</Hsp_gaps>
      <Hsp_align-len>8</Hsp_align-len>
      <Hsp_qseq>PGPIPGPI</Hsp_qseq>
      <Hsp_hseq>PGTSGSPI</Hsp_hseq>
      <Hsp_midline>PG    PI</Hsp_midline>
    </Hsp>
  </Hit_hsps>
</Hit>
<Hit>
  <Hit_num>4</Hit_num>
  <Hit_id>gnl|BL_ORD_ID|260</Hit_id>
  <Hit_def>17802|Nonstructural protein NS3|NP_739587.2|Dengue virus 2 Thailand/16681/84|31634</Hit_def>
  <Hit_accession>260</Hit_accession>
  <Hit_len>15</Hit_len>
  <Hit_hsps>
    <Hsp>
      <Hsp_num>1</Hsp_num>
      <Hsp_bit-score>10.001</Hsp_bit-score>
      <Hsp_score>14</Hsp_score>
      <Hsp_evalue>830.077</Hsp_evalue>
      <Hsp_query-from>2</Hsp_query-from>
      <Hsp_query-to>9</Hsp_query-to>
      <Hsp_hit-from>3</Hsp_hit-from>
      <Hsp_hit-to>10</Hsp_hit-to>
      <Hsp_query-frame>0</Hsp_query-frame>
      <Hsp_hit-frame>0</Hsp_hit-frame>
      <Hsp_identity>4</Hsp_identity>
      <Hsp_positive>4</Hsp_positive>
      <Hsp_gaps>0</Hsp_gaps>
      <Hsp_align-len>8</Hsp_align-len>
      <Hsp_qseq>PGPIPGPI</Hsp_qseq>
      <Hsp_hseq>PGTSGSPI</Hsp_hseq>
      <Hsp_midline>PG    PI</Hsp_midline>
    </Hsp>
  </Hit_hsps>
</Hit>
<Hit>
  <Hit_num>5</Hit_num>
  <Hit_id>gnl|BL_ORD_ID|1712</Hit_id>
  <Hit_def>150341|polyprotein|AGW21594.1|Dengue virus 1|11053</Hit_def>
  <Hit_accession>1712</Hit_accession>
  <Hit_len>9</Hit_len>
  <Hit_hsps>
    <Hsp>
      <Hsp_num>1</Hsp_num>
      <Hsp_bit-score>9.61583</Hsp_bit-score>
      <Hsp_score>13</Hsp_score>
      <Hsp_evalue>1362.74</Hsp_evalue>
      <Hsp_query-from>2</Hsp_query-from>
      <Hsp_query-to>9</Hsp_query-to>
      <Hsp_hit-from>2</Hsp_hit-from>
      <Hsp_hit-to>9</Hsp_hit-to>
      <Hsp_query-frame>0</Hsp_query-frame>
      <Hsp_hit-frame>0</Hsp_hit-frame>
      <Hsp_identity>4</Hsp_identity>
      <Hsp_positive>4</Hsp_positive>
      <Hsp_gaps>0</Hsp_gaps>
      <Hsp_align-len>8</Hsp_align-len>
      <Hsp_qseq>PGPIPGPI</Hsp_qseq>
      <Hsp_hseq>PGTSGSPI</Hsp_hseq>
      <Hsp_midline>PG    PI</Hsp_midline>
    </Hsp>
  </Hit_hsps>
</Hit>
<Hit>
  <Hit_num>6</Hit_num>
  <Hit_id>gnl|BL_ORD_ID|1766</Hit_id>
  <Hit_def>154857|tegument protein|CAB06735.1|Human alphaherpesvirus 2|10310</Hit_def>
  <Hit_accession>1766</Hit_accession>
  <Hit_len>16</Hit_len>
  <Hit_hsps>
    <Hsp>
      <Hsp_num>1</Hsp_num>
      <Hsp_bit-score>4.99343</Hsp_bit-score>
      <Hsp_score>1</Hsp_score>
      <Hsp_evalue>89081.4</Hsp_evalue>
      <Hsp_query-from>7</Hsp_query-from>
      <Hsp_query-to>9</Hsp_query-to>
      <Hsp_hit-from>14</Hsp_hit-from>
      <Hsp_hit-to>16</Hsp_hit-to>
      <Hsp_query-frame>0</Hsp_query-frame>
      <Hsp_hit-frame>0</Hsp_hit-frame>
      <Hsp_identity>2</Hsp_identity>
      <Hsp_positive>3</Hsp_positive>
      <Hsp_gaps>0</Hsp_gaps>
      <Hsp_align-len>3</Hsp_align-len>
      <Hsp_qseq>GPI</Hsp_qseq>
      <Hsp_hseq>GPV</Hsp_hseq>
      <Hsp_midline>GP+</Hsp_midline>
    </Hsp>
  </Hit_hsps>
</Hit>
</Iteration_hits>
  <Iteration_stat>
    <Statistics>
      <Statistics_db-num>2334</Statistics_db-num>
      <Statistics_db-len>25004</Statistics_db-len>
      <Statistics_hsp-len>0</Statistics_hsp-len>
      <Statistics_eff-space>225036</Statistics_eff-space>
      <Statistics_kappa>0.041</Statistics_kappa>
      <Statistics_lambda>0.267</Statistics_lambda>
      <Statistics_entropy>0.14</Statistics_entropy>
    </Statistics>
  </Iteration_stat>
</Iteration>
<Iteration>
  <Iteration_iter-num>28</Iteration_iter-num>
  <Iteration_query-ID>Query_28</Iteration_query-ID>
  <Iteration_query-def>M_2467</Iteration_query-def>
  <Iteration_query-len>9</Iteration_query-len>
<Iteration_hits>
</Iteration_hits>
  <Iteration_stat>
    <Statistics>
      <Statistics_db-num>2334</Statistics_db-num>
      <Statistics_db-len>25004</Statistics_db-len>
      <Statistics_hsp-len>0</Statistics_hsp-len>
      <Statistics_eff-space>225036</Statistics_eff-space>
      <Statistics_kappa>0.041</Statistics_kappa>
      <Statistics_lambda>0.267</Statistics_lambda>
      <Statistics_entropy>0.14</Statistics_entropy>
    </Statistics>
  </Iteration_stat>
  <Iteration_message>No hits found</Iteration_message>
</Iteration>
<Iteration>
  <Iteration_iter-num>29</Iteration_iter-num>
  <Iteration_query-ID>Query_29</Iteration_query-ID>
  <Iteration_query-def>M_2468</Iteration_query-def>
  <Iteration_query-len>9</Iteration_query-len>
<Iteration_hits>
<Hit>
  <Hit_num>1</Hit_num>
  <Hit_id>gnl|BL_ORD_ID|1179</Hit_id>
  <Hit_def>79628|E1 protein|BAA19893.1|Rubella virus|11041</Hit_def>
  <Hit_accession>1179</Hit_accession>
  <Hit_len>21</Hit_len>
  <Hit_hsps>
    <Hsp>
      <Hsp_num>1</Hsp_num>
      <Hsp_bit-score>12.6974</Hsp_bit-score>
      <Hsp_score>21</Hsp_score>
      <Hsp_evalue>30.3943</Hsp_evalue>
      <Hsp_query-from>3</Hsp_query-from>
      <Hsp_query-to>8</Hsp_query-to>
      <Hsp_hit-from>14</Hsp_hit-from>
      <Hsp_hit-to>19</Hsp_hit-to>
      <Hsp_query-frame>0</Hsp_query-frame>
      <Hsp_hit-frame>0</Hsp_hit-frame>
      <Hsp_identity>4</Hsp_identity>
      <Hsp_positive>5</Hsp_positive>
      <Hsp_gaps>0</Hsp_gaps>
      <Hsp_align-len>6</Hsp_align-len>
      <Hsp_qseq>PTSPAA</Hsp_qseq>
      <Hsp_hseq>PTAPCA</Hsp_hseq>
      <Hsp_midline>PT+P A</Hsp_midline>
    </Hsp>
  </Hit_hsps>
</Hit>
<Hit>
  <Hit_num>2</Hit_num>
  <Hit_id>gnl|BL_ORD_ID|1573</Hit_id>
  <Hit_def>141402|tegument protein VP22|NP_044651.1|Human alphaherpesvirus 1|10298</Hit_def>
  <Hit_accession>1573</Hit_accession>
  <Hit_len>10</Hit_len>
  <Hit_hsps>
    <Hsp>
      <Hsp_num>1</Hsp_num>
      <Hsp_bit-score>12.3122</Hsp_bit-score>
      <Hsp_score>20</Hsp_score>
      <Hsp_evalue>62.4024</Hsp_evalue>
      <Hsp_query-from>1</Hsp_query-from>
      <Hsp_query-to>7</Hsp_query-to>
      <Hsp_hit-from>4</Hsp_hit-from>
      <Hsp_hit-to>10</Hsp_hit-to>
      <Hsp_query-frame>0</Hsp_query-frame>
      <Hsp_hit-frame>0</Hsp_hit-frame>
      <Hsp_identity>4</Hsp_identity>
      <Hsp_positive>5</Hsp_positive>
      <Hsp_gaps>0</Hsp_gaps>
      <Hsp_align-len>7</Hsp_align-len>
      <Hsp_qseq>EEPTSPA</Hsp_qseq>
      <Hsp_hseq>ERPRAPA</Hsp_hseq>
      <Hsp_midline>E P +PA</Hsp_midline>
    </Hsp>
  </Hit_hsps>
</Hit>
</Iteration_hits>
  <Iteration_stat>
    <Statistics>
      <Statistics_db-num>2334</Statistics_db-num>
      <Statistics_db-len>25004</Statistics_db-len>
      <Statistics_hsp-len>0</Statistics_hsp-len>
      <Statistics_eff-space>225036</Statistics_eff-space>
      <Statistics_kappa>0.041</Statistics_kappa>
      <Statistics_lambda>0.267</Statistics_lambda>
      <Statistics_entropy>0.14</Statistics_entropy>
    </Statistics>
  </Iteration_stat>
</Iteration>
<Iteration>
  <Iteration_iter-num>30</Iteration_iter-num>
  <Iteration_query-ID>Query_30</Iteration_query-ID>
  <Iteration_query-def>M_2469</Iteration_query-def>
  <Iteration_query-len>9</Iteration_query-len>
<Iteration_hits>
</Iteration_hits>
  <Iteration_stat>
    <Statistics>
      <Statistics_db-num>2334</Statistics_db-num>
      <Statistics_db-len>25004</Statistics_db-len>
      <Statistics_hsp-len>0</Statistics_hsp-len>
      <Statistics_eff-space>225036</Statistics_eff-space>
      <Statistics_kappa>0.041</Statistics_kappa>
      <Statistics_lambda>0.267</Statistics_lambda>
      <Statistics_entropy>0.14</Statistics_entropy>
    </Statistics>
  </Iteration_stat>
  <Iteration_message>No hits found</Iteration_message>
</Iteration>
<Iteration>
  <Iteration_iter-num>31</Iteration_iter-num>
  <Iteration_query-ID>Query_31</Iteration_query-ID>
  <Iteration_query-def>M_2470</Iteration_query-def>
  <Iteration_query-len>9</Iteration_query-len>
<Iteration_hits>
</Iteration_hits>
  <Iteration_stat>
    <Statistics>
      <Statistics_db-num>2334</Statistics_db-num>
      <Statistics_db-len>25004</Statistics_db-len>
      <Statistics_hsp-len>0</Statistics_hsp-len>
      <Statistics_eff-space>225036</Statistics_eff-space>
      <Statistics_kappa>0.041</Statistics_kappa>
      <Statistics_lambda>0.267</Statistics_lambda>
      <Statistics_entropy>0.14</Statistics_entropy>
    </Statistics>
  </Iteration_stat>
  <Iteration_message>No hits found</Iteration_message>
</Iteration>
<Iteration>
  <Iteration_iter-num>32</Iteration_iter-num>
  <Iteration_query-ID>Query_32</Iteration_query-ID>
  <Iteration_query-def>M_2471</Iteration_query-def>
  <Iteration_query-len>9</Iteration_query-len>
<Iteration_hits>
<Hit>
  <Hit_num>1</Hit_num>
  <Hit_id>gnl|BL_ORD_ID|452</Hit_id>
  <Hit_def>27345|Large envelope protein|P03138.3|Hepatitis B virus subtype ayw|10418</Hit_def>
  <Hit_accession>452</Hit_accession>
  <Hit_len>9</Hit_len>
  <Hit_hsps>
    <Hsp>
      <Hsp_num>1</Hsp_num>
      <Hsp_bit-score>11.927</Hsp_bit-score>
      <Hsp_score>19</Hsp_score>
      <Hsp_evalue>105.754</Hsp_evalue>
      <Hsp_query-from>4</Hsp_query-from>
      <Hsp_query-to>9</Hsp_query-to>
      <Hsp_hit-from>4</Hsp_hit-from>
      <Hsp_hit-to>9</Hsp_hit-to>
      <Hsp_query-frame>0</Hsp_query-frame>
      <Hsp_hit-frame>0</Hsp_hit-frame>
      <Hsp_identity>4</Hsp_identity>
      <Hsp_positive>5</Hsp_positive>
      <Hsp_gaps>0</Hsp_gaps>
      <Hsp_align-len>6</Hsp_align-len>
      <Hsp_qseq>PILPLI</Hsp_qseq>
      <Hsp_hseq>PFLPLL</Hsp_hseq>
      <Hsp_midline>P LPL+</Hsp_midline>
    </Hsp>
  </Hit_hsps>
</Hit>
</Iteration_hits>
  <Iteration_stat>
    <Statistics>
      <Statistics_db-num>2334</Statistics_db-num>
      <Statistics_db-len>25004</Statistics_db-len>
      <Statistics_hsp-len>0</Statistics_hsp-len>
      <Statistics_eff-space>225036</Statistics_eff-space>
      <Statistics_kappa>0.041</Statistics_kappa>
      <Statistics_lambda>0.267</Statistics_lambda>
      <Statistics_entropy>0.14</Statistics_entropy>
    </Statistics>
  </Iteration_stat>
</Iteration>
<Iteration>
  <Iteration_iter-num>33</Iteration_iter-num>
  <Iteration_query-ID>Query_33</Iteration_query-ID>
  <Iteration_query-def>M_2472</Iteration_query-def>
  <Iteration_query-len>9</Iteration_query-len>
<Iteration_hits>
</Iteration_hits>
  <Iteration_stat>
    <Statistics>
      <Statistics_db-num>2334</Statistics_db-num>
      <Statistics_db-len>25004</Statistics_db-len>
      <Statistics_hsp-len>0</Statistics_hsp-len>
      <Statistics_eff-space>225036</Statistics_eff-space>
      <Statistics_kappa>0.041</Statistics_kappa>
      <Statistics_lambda>0.267</Statistics_lambda>
      <Statistics_entropy>0.14</Statistics_entropy>
    </Statistics>
  </Iteration_stat>
  <Iteration_message>No hits found</Iteration_message>
</Iteration>
<Iteration>
  <Iteration_iter-num>34</Iteration_iter-num>
  <Iteration_query-ID>Query_34</Iteration_query-ID>
  <Iteration_query-def>M_2473</Iteration_query-def>
  <Iteration_query-len>9</Iteration_query-len>
<Iteration_hits>
</Iteration_hits>
  <Iteration_stat>
    <Statistics>
      <Statistics_db-num>2334</Statistics_db-num>
      <Statistics_db-len>25004</Statistics_db-len>
      <Statistics_hsp-len>0</Statistics_hsp-len>
      <Statistics_eff-space>225036</Statistics_eff-space>
      <Statistics_kappa>0.041</Statistics_kappa>
      <Statistics_lambda>0.267</Statistics_lambda>
      <Statistics_entropy>0.14</Statistics_entropy>
    </Statistics>
  </Iteration_stat>
  <Iteration_message>No hits found</Iteration_message>
</Iteration>
<Iteration>
  <Iteration_iter-num>35</Iteration_iter-num>
  <Iteration_query-ID>Query_35</Iteration_query-ID>
  <Iteration_query-def>M_2474</Iteration_query-def>
  <Iteration_query-len>9</Iteration_query-len>
<Iteration_hits>
</Iteration_hits>
  <Iteration_stat>
    <Statistics>
      <Statistics_db-num>2334</Statistics_db-num>
      <Statistics_db-len>25004</Statistics_db-len>
      <Statistics_hsp-len>0</Statistics_hsp-len>
      <Statistics_eff-space>225036</Statistics_eff-space>
      <Statistics_kappa>0.041</Statistics_kappa>
      <Statistics_lambda>0.267</Statistics_lambda>
      <Statistics_entropy>0.14</Statistics_entropy>
    </Statistics>
  </Iteration_stat>
  <Iteration_message>No hits found</Iteration_message>
</Iteration>
<Iteration>
  <Iteration_iter-num>36</Iteration_iter-num>
  <Iteration_query-ID>Query_36</Iteration_query-ID>
  <Iteration_query-def>M_2475</Iteration_query-def>
  <Iteration_query-len>9</Iteration_query-len>
<Iteration_hits>
</Iteration_hits>
  <Iteration_stat>
    <Statistics>
      <Statistics_db-num>2334</Statistics_db-num>
      <Statistics_db-len>25004</Statistics_db-len>
      <Statistics_hsp-len>0</Statistics_hsp-len>
      <Statistics_eff-space>225036</Statistics_eff-space>
      <Statistics_kappa>0.041</Statistics_kappa>
      <Statistics_lambda>0.267</Statistics_lambda>
      <Statistics_entropy>0.14</Statistics_entropy>
    </Statistics>
  </Iteration_stat>
  <Iteration_message>No hits found</Iteration_message>
</Iteration>
<Iteration>
  <Iteration_iter-num>37</Iteration_iter-num>
  <Iteration_query-ID>Query_37</Iteration_query-ID>
  <Iteration_query-def>M_2476</Iteration_query-def>
  <Iteration_query-len>9</Iteration_query-len>
<Iteration_hits>
<Hit>
  <Hit_num>1</Hit_num>
  <Hit_id>gnl|BL_ORD_ID|1970</Hit_id>
  <Hit_def>182917|polyprotein|CDF77361.1|Dengue virus 3|11069</Hit_def>
  <Hit_accession>1970</Hit_accession>
  <Hit_len>9</Hit_len>
  <Hit_hsps>
    <Hsp>
      <Hsp_num>1</Hsp_num>
      <Hsp_bit-score>13.853</Hsp_bit-score>
      <Hsp_score>24</Hsp_score>
      <Hsp_evalue>4.59527</Hsp_evalue>
      <Hsp_query-from>2</Hsp_query-from>
      <Hsp_query-to>7</Hsp_query-to>
      <Hsp_hit-from>2</Hsp_hit-from>
      <Hsp_hit-to>7</Hsp_hit-to>
      <Hsp_query-frame>0</Hsp_query-frame>
      <Hsp_hit-frame>0</Hsp_hit-frame>
      <Hsp_identity>4</Hsp_identity>
      <Hsp_positive>6</Hsp_positive>
      <Hsp_gaps>0</Hsp_gaps>
      <Hsp_align-len>6</Hsp_align-len>
      <Hsp_qseq>YKDYAA</Hsp_qseq>
      <Hsp_hseq>FKDFAA</Hsp_hseq>
      <Hsp_midline>+KD+AA</Hsp_midline>
    </Hsp>
  </Hit_hsps>
</Hit>
</Iteration_hits>
  <Iteration_stat>
    <Statistics>
      <Statistics_db-num>2334</Statistics_db-num>
      <Statistics_db-len>25004</Statistics_db-len>
      <Statistics_hsp-len>0</Statistics_hsp-len>
      <Statistics_eff-space>225036</Statistics_eff-space>
      <Statistics_kappa>0.041</Statistics_kappa>
      <Statistics_lambda>0.267</Statistics_lambda>
      <Statistics_entropy>0.14</Statistics_entropy>
    </Statistics>
  </Iteration_stat>
</Iteration>
<Iteration>
  <Iteration_iter-num>38</Iteration_iter-num>
  <Iteration_query-ID>Query_38</Iteration_query-ID>
  <Iteration_query-def>M_2477</Iteration_query-def>
  <Iteration_query-len>9</Iteration_query-len>
<Iteration_hits>
</Iteration_hits>
  <Iteration_stat>
    <Statistics>
      <Statistics_db-num>2334</Statistics_db-num>
      <Statistics_db-len>25004</Statistics_db-len>
      <Statistics_hsp-len>0</Statistics_hsp-len>
      <Statistics_eff-space>225036</Statistics_eff-space>
      <Statistics_kappa>0.041</Statistics_kappa>
      <Statistics_lambda>0.267</Statistics_lambda>
      <Statistics_entropy>0.14</Statistics_entropy>
    </Statistics>
  </Iteration_stat>
  <Iteration_message>No hits found</Iteration_message>
</Iteration>
<Iteration>
  <Iteration_iter-num>39</Iteration_iter-num>
  <Iteration_query-ID>Query_39</Iteration_query-ID>
  <Iteration_query-def>M_2478</Iteration_query-def>
  <Iteration_query-len>9</Iteration_query-len>
<Iteration_hits>
<Hit>
  <Hit_num>1</Hit_num>
  <Hit_id>gnl|BL_ORD_ID|1387</Hit_id>
  <Hit_def>110227|Protein E6|P03126.1|Human papillomavirus type 16|333760</Hit_def>
  <Hit_accession>1387</Hit_accession>
  <Hit_len>33</Hit_len>
  <Hit_hsps>
    <Hsp>
      <Hsp_num>1</Hsp_num>
      <Hsp_bit-score>14.6234</Hsp_bit-score>
      <Hsp_score>26</Hsp_score>
      <Hsp_evalue>2.38904</Hsp_evalue>
      <Hsp_query-from>2</Hsp_query-from>
      <Hsp_query-to>8</Hsp_query-to>
      <Hsp_hit-from>21</Hsp_hit-from>
      <Hsp_hit-to>27</Hsp_hit-to>
      <Hsp_query-frame>0</Hsp_query-frame>
      <Hsp_hit-frame>0</Hsp_hit-frame>
      <Hsp_identity>6</Hsp_identity>
      <Hsp_positive>6</Hsp_positive>
      <Hsp_gaps>0</Hsp_gaps>
      <Hsp_align-len>7</Hsp_align-len>
      <Hsp_qseq>LKFSSKI</Hsp_qseq>
      <Hsp_hseq>LKFYSKI</Hsp_hseq>
      <Hsp_midline>LKF SKI</Hsp_midline>
    </Hsp>
  </Hit_hsps>
</Hit>
<Hit>
  <Hit_num>2</Hit_num>
  <Hit_id>gnl|BL_ORD_ID|1400</Hit_id>
  <Hit_def>110467|Protein E6|P03126.1|Human papillomavirus type 16|333760</Hit_def>
  <Hit_accession>1400</Hit_accession>
  <Hit_len>25</Hit_len>
  <Hit_hsps>
    <Hsp>
      <Hsp_num>1</Hsp_num>
      <Hsp_bit-score>14.6234</Hsp_bit-score>
      <Hsp_score>26</Hsp_score>
      <Hsp_evalue>2.651</Hsp_evalue>
      <Hsp_query-from>1</Hsp_query-from>
      <Hsp_query-to>8</Hsp_query-to>
      <Hsp_hit-from>13</Hsp_hit-from>
      <Hsp_hit-to>20</Hsp_hit-to>
      <Hsp_query-frame>0</Hsp_query-frame>
      <Hsp_hit-frame>0</Hsp_hit-frame>
      <Hsp_identity>6</Hsp_identity>
      <Hsp_positive>6</Hsp_positive>
      <Hsp_gaps>0</Hsp_gaps>
      <Hsp_align-len>8</Hsp_align-len>
      <Hsp_qseq>SLKFSSKI</Hsp_qseq>
      <Hsp_hseq>CLKFYSKI</Hsp_hseq>
      <Hsp_midline> LKF SKI</Hsp_midline>
    </Hsp>
  </Hit_hsps>
</Hit>
</Iteration_hits>
  <Iteration_stat>
    <Statistics>
      <Statistics_db-num>2334</Statistics_db-num>
      <Statistics_db-len>25004</Statistics_db-len>
      <Statistics_hsp-len>0</Statistics_hsp-len>
      <Statistics_eff-space>225036</Statistics_eff-space>
      <Statistics_kappa>0.041</Statistics_kappa>
      <Statistics_lambda>0.267</Statistics_lambda>
      <Statistics_entropy>0.14</Statistics_entropy>
    </Statistics>
  </Iteration_stat>
</Iteration>
<Iteration>
  <Iteration_iter-num>40</Iteration_iter-num>
  <Iteration_query-ID>Query_40</Iteration_query-ID>
  <Iteration_query-def>M_2479</Iteration_query-def>
  <Iteration_query-len>9</Iteration_query-len>
<Iteration_hits>
</Iteration_hits>
  <Iteration_stat>
    <Statistics>
      <Statistics_db-num>2334</Statistics_db-num>
      <Statistics_db-len>25004</Statistics_db-len>
      <Statistics_hsp-len>0</Statistics_hsp-len>
      <Statistics_eff-space>225036</Statistics_eff-space>
      <Statistics_kappa>0.041</Statistics_kappa>
      <Statistics_lambda>0.267</Statistics_lambda>
      <Statistics_entropy>0.14</Statistics_entropy>
    </Statistics>
  </Iteration_stat>
  <Iteration_message>No hits found</Iteration_message>
</Iteration>
<Iteration>
  <Iteration_iter-num>41</Iteration_iter-num>
  <Iteration_query-ID>Query_41</Iteration_query-ID>
  <Iteration_query-def>M_2480</Iteration_query-def>
  <Iteration_query-len>9</Iteration_query-len>
<Iteration_hits>
</Iteration_hits>
  <Iteration_stat>
    <Statistics>
      <Statistics_db-num>2334</Statistics_db-num>
      <Statistics_db-len>25004</Statistics_db-len>
      <Statistics_hsp-len>0</Statistics_hsp-len>
      <Statistics_eff-space>225036</Statistics_eff-space>
      <Statistics_kappa>0.041</Statistics_kappa>
      <Statistics_lambda>0.267</Statistics_lambda>
      <Statistics_entropy>0.14</Statistics_entropy>
    </Statistics>
  </Iteration_stat>
  <Iteration_message>No hits found</Iteration_message>
</Iteration>
<Iteration>
  <Iteration_iter-num>42</Iteration_iter-num>
  <Iteration_query-ID>Query_42</Iteration_query-ID>
  <Iteration_query-def>M_2481</Iteration_query-def>
  <Iteration_query-len>9</Iteration_query-len>
<Iteration_hits>
<Hit>
  <Hit_num>1</Hit_num>
  <Hit_id>gnl|BL_ORD_ID|1689</Hit_id>
  <Hit_def>149063|NS3 protease/helicase&apos;|NP_803144.1|Hepatitis C virus (isolate H77)|63746</Hit_def>
  <Hit_accession>1689</Hit_accession>
  <Hit_len>18</Hit_len>
  <Hit_hsps>
    <Hsp>
      <Hsp_num>1</Hsp_num>
      <Hsp_bit-score>12.6974</Hsp_bit-score>
      <Hsp_score>21</Hsp_score>
      <Hsp_evalue>27.7051</Hsp_evalue>
      <Hsp_query-from>1</Hsp_query-from>
      <Hsp_query-to>7</Hsp_query-to>
      <Hsp_hit-from>8</Hsp_hit-from>
      <Hsp_hit-to>14</Hsp_hit-to>
      <Hsp_query-frame>0</Hsp_query-frame>
      <Hsp_hit-frame>0</Hsp_hit-frame>
      <Hsp_identity>5</Hsp_identity>
      <Hsp_positive>5</Hsp_positive>
      <Hsp_gaps>0</Hsp_gaps>
      <Hsp_align-len>7</Hsp_align-len>
      <Hsp_qseq>TENSETT</Hsp_qseq>
      <Hsp_hseq>VENLETT</Hsp_hseq>
      <Hsp_midline> EN ETT</Hsp_midline>
    </Hsp>
  </Hit_hsps>
</Hit>
</Iteration_hits>
  <Iteration_stat>
    <Statistics>
      <Statistics_db-num>2334</Statistics_db-num>
      <Statistics_db-len>25004</Statistics_db-len>
      <Statistics_hsp-len>0</Statistics_hsp-len>
      <Statistics_eff-space>225036</Statistics_eff-space>
      <Statistics_kappa>0.041</Statistics_kappa>
      <Statistics_lambda>0.267</Statistics_lambda>
      <Statistics_entropy>0.14</Statistics_entropy>
    </Statistics>
  </Iteration_stat>
</Iteration>
<Iteration>
  <Iteration_iter-num>43</Iteration_iter-num>
  <Iteration_query-ID>Query_43</Iteration_query-ID>
  <Iteration_query-def>M_2482</Iteration_query-def>
  <Iteration_query-len>9</Iteration_query-len>
<Iteration_hits>
</Iteration_hits>
  <Iteration_stat>
    <Statistics>
      <Statistics_db-num>2334</Statistics_db-num>
      <Statistics_db-len>25004</Statistics_db-len>
      <Statistics_hsp-len>0</Statistics_hsp-len>
      <Statistics_eff-space>225036</Statistics_eff-space>
      <Statistics_kappa>0.041</Statistics_kappa>
      <Statistics_lambda>0.267</Statistics_lambda>
      <Statistics_entropy>0.14</Statistics_entropy>
    </Statistics>
  </Iteration_stat>
  <Iteration_message>No hits found</Iteration_message>
</Iteration>
<Iteration>
  <Iteration_iter-num>44</Iteration_iter-num>
  <Iteration_query-ID>Query_44</Iteration_query-ID>
  <Iteration_query-def>M_2483</Iteration_query-def>
  <Iteration_query-len>9</Iteration_query-len>
<Iteration_hits>
</Iteration_hits>
  <Iteration_stat>
    <Statistics>
      <Statistics_db-num>2334</Statistics_db-num>
      <Statistics_db-len>25004</Statistics_db-len>
      <Statistics_hsp-len>0</Statistics_hsp-len>
      <Statistics_eff-space>225036</Statistics_eff-space>
      <Statistics_kappa>0.041</Statistics_kappa>
      <Statistics_lambda>0.267</Statistics_lambda>
      <Statistics_entropy>0.14</Statistics_entropy>
    </Statistics>
  </Iteration_stat>
  <Iteration_message>No hits found</Iteration_message>
</Iteration>
<Iteration>
  <Iteration_iter-num>45</Iteration_iter-num>
  <Iteration_query-ID>Query_45</Iteration_query-ID>
  <Iteration_query-def>M_2484</Iteration_query-def>
  <Iteration_query-len>9</Iteration_query-len>
<Iteration_hits>
<Hit>
  <Hit_num>1</Hit_num>
  <Hit_id>gnl|BL_ORD_ID|241</Hit_id>
  <Hit_def>16836|precore/core protein [Hepatitis B virus]|AAR03815.1|Hepatitis B virus|10407</Hit_def>
  <Hit_accession>241</Hit_accession>
  <Hit_len>10</Hit_len>
  <Hit_hsps>
    <Hsp>
      <Hsp_num>1</Hsp_num>
      <Hsp_bit-score>10.3862</Hsp_bit-score>
      <Hsp_score>15</Hsp_score>
      <Hsp_evalue>499.131</Hsp_evalue>
      <Hsp_query-from>2</Hsp_query-from>
      <Hsp_query-to>9</Hsp_query-to>
      <Hsp_hit-from>2</Hsp_hit-from>
      <Hsp_hit-to>9</Hsp_hit-to>
      <Hsp_query-frame>0</Hsp_query-frame>
      <Hsp_hit-frame>0</Hsp_hit-frame>
      <Hsp_identity>4</Hsp_identity>
      <Hsp_positive>4</Hsp_positive>
      <Hsp_gaps>0</Hsp_gaps>
      <Hsp_align-len>8</Hsp_align-len>
      <Hsp_qseq>LPEVQLPK</Hsp_qseq>
      <Hsp_hseq>LPSDFLPS</Hsp_hseq>
      <Hsp_midline>LP   LP </Hsp_midline>
    </Hsp>
  </Hit_hsps>
</Hit>
</Iteration_hits>
  <Iteration_stat>
    <Statistics>
      <Statistics_db-num>2334</Statistics_db-num>
      <Statistics_db-len>25004</Statistics_db-len>
      <Statistics_hsp-len>0</Statistics_hsp-len>
      <Statistics_eff-space>225036</Statistics_eff-space>
      <Statistics_kappa>0.041</Statistics_kappa>
      <Statistics_lambda>0.267</Statistics_lambda>
      <Statistics_entropy>0.14</Statistics_entropy>
    </Statistics>
  </Iteration_stat>
</Iteration>
<Iteration>
  <Iteration_iter-num>46</Iteration_iter-num>
  <Iteration_query-ID>Query_46</Iteration_query-ID>
  <Iteration_query-def>M_2485</Iteration_query-def>
  <Iteration_query-len>9</Iteration_query-len>
<Iteration_hits>
<Hit>
  <Hit_num>1</Hit_num>
  <Hit_id>gnl|BL_ORD_ID|1387</Hit_id>
  <Hit_def>110227|Protein E6|P03126.1|Human papillomavirus type 16|333760</Hit_def>
  <Hit_accession>1387</Hit_accession>
  <Hit_len>33</Hit_len>
  <Hit_hsps>
    <Hsp>
      <Hsp_num>1</Hsp_num>
      <Hsp_bit-score>15.0086</Hsp_bit-score>
      <Hsp_score>27</Hsp_score>
      <Hsp_evalue>1.24899</Hsp_evalue>
      <Hsp_query-from>3</Hsp_query-from>
      <Hsp_query-to>9</Hsp_query-to>
      <Hsp_hit-from>21</Hsp_hit-from>
      <Hsp_hit-to>27</Hsp_hit-to>
      <Hsp_query-frame>0</Hsp_query-frame>
      <Hsp_hit-frame>0</Hsp_hit-frame>
      <Hsp_identity>6</Hsp_identity>
      <Hsp_positive>6</Hsp_positive>
      <Hsp_gaps>0</Hsp_gaps>
      <Hsp_align-len>7</Hsp_align-len>
      <Hsp_qseq>LKFSSKI</Hsp_qseq>
      <Hsp_hseq>LKFYSKI</Hsp_hseq>
      <Hsp_midline>LKF SKI</Hsp_midline>
    </Hsp>
  </Hit_hsps>
</Hit>
<Hit>
  <Hit_num>2</Hit_num>
  <Hit_id>gnl|BL_ORD_ID|1400</Hit_id>
  <Hit_def>110467|Protein E6|P03126.1|Human papillomavirus type 16|333760</Hit_def>
  <Hit_accession>1400</Hit_accession>
  <Hit_len>25</Hit_len>
  <Hit_hsps>
    <Hsp>
      <Hsp_num>1</Hsp_num>
      <Hsp_bit-score>14.2382</Hsp_bit-score>
      <Hsp_score>25</Hsp_score>
      <Hsp_evalue>2.9789</Hsp_evalue>
      <Hsp_query-from>3</Hsp_query-from>
      <Hsp_query-to>9</Hsp_query-to>
      <Hsp_hit-from>14</Hsp_hit-from>
      <Hsp_hit-to>20</Hsp_hit-to>
      <Hsp_query-frame>0</Hsp_query-frame>
      <Hsp_hit-frame>0</Hsp_hit-frame>
      <Hsp_identity>6</Hsp_identity>
      <Hsp_positive>6</Hsp_positive>
      <Hsp_gaps>0</Hsp_gaps>
      <Hsp_align-len>7</Hsp_align-len>
      <Hsp_qseq>LKFSSKI</Hsp_qseq>
      <Hsp_hseq>LKFYSKI</Hsp_hseq>
      <Hsp_midline>LKF SKI</Hsp_midline>
    </Hsp>
  </Hit_hsps>
</Hit>
</Iteration_hits>
  <Iteration_stat>
    <Statistics>
      <Statistics_db-num>2334</Statistics_db-num>
      <Statistics_db-len>25004</Statistics_db-len>
      <Statistics_hsp-len>0</Statistics_hsp-len>
      <Statistics_eff-space>225036</Statistics_eff-space>
      <Statistics_kappa>0.041</Statistics_kappa>
      <Statistics_lambda>0.267</Statistics_lambda>
      <Statistics_entropy>0.14</Statistics_entropy>
    </Statistics>
  </Iteration_stat>
</Iteration>
<Iteration>
  <Iteration_iter-num>47</Iteration_iter-num>
  <Iteration_query-ID>Query_47</Iteration_query-ID>
  <Iteration_query-def>M_2486</Iteration_query-def>
  <Iteration_query-len>9</Iteration_query-len>
<Iteration_hits>
</Iteration_hits>
  <Iteration_stat>
    <Statistics>
      <Statistics_db-num>2334</Statistics_db-num>
      <Statistics_db-len>25004</Statistics_db-len>
      <Statistics_hsp-len>0</Statistics_hsp-len>
      <Statistics_eff-space>225036</Statistics_eff-space>
      <Statistics_kappa>0.041</Statistics_kappa>
      <Statistics_lambda>0.267</Statistics_lambda>
      <Statistics_entropy>0.14</Statistics_entropy>
    </Statistics>
  </Iteration_stat>
  <Iteration_message>No hits found</Iteration_message>
</Iteration>
<Iteration>
  <Iteration_iter-num>48</Iteration_iter-num>
  <Iteration_query-ID>Query_48</Iteration_query-ID>
  <Iteration_query-def>M_2487</Iteration_query-def>
  <Iteration_query-len>9</Iteration_query-len>
<Iteration_hits>
<Hit>
  <Hit_num>1</Hit_num>
  <Hit_id>gnl|BL_ORD_ID|235</Hit_id>
  <Hit_def>16814|precore protein|CAM58990.1|Hepatitis B virus|10407</Hit_def>
  <Hit_accession>235</Hit_accession>
  <Hit_len>10</Hit_len>
  <Hit_hsps>
    <Hsp>
      <Hsp_num>1</Hsp_num>
      <Hsp_bit-score>15.3938</Hsp_bit-score>
      <Hsp_score>28</Hsp_score>
      <Hsp_evalue>0.822133</Hsp_evalue>
      <Hsp_query-from>1</Hsp_query-from>
      <Hsp_query-to>9</Hsp_query-to>
      <Hsp_hit-from>2</Hsp_hit-from>
      <Hsp_hit-to>10</Hsp_hit-to>
      <Hsp_query-frame>0</Hsp_query-frame>
      <Hsp_hit-frame>0</Hsp_hit-frame>
      <Hsp_identity>4</Hsp_identity>
      <Hsp_positive>7</Hsp_positive>
      <Hsp_gaps>0</Hsp_gaps>
      <Hsp_align-len>9</Hsp_align-len>
      <Hsp_qseq>MPNDFWARL</Hsp_qseq>
      <Hsp_hseq>LPNDFFPSV</Hsp_hseq>
      <Hsp_midline>+PNDF+  +</Hsp_midline>
    </Hsp>
  </Hit_hsps>
</Hit>
<Hit>
  <Hit_num>2</Hit_num>
  <Hit_id>gnl|BL_ORD_ID|234</Hit_id>
  <Hit_def>16813|External core antigen|SRC279980|Hepatitis B virus|10407</Hit_def>
  <Hit_accession>234</Hit_accession>
  <Hit_len>10</Hit_len>
  <Hit_hsps>
    <Hsp>
      <Hsp_num>1</Hsp_num>
      <Hsp_bit-score>15.0086</Hsp_bit-score>
      <Hsp_score>27</Hsp_score>
      <Hsp_evalue>1.18631</Hsp_evalue>
      <Hsp_query-from>1</Hsp_query-from>
      <Hsp_query-to>6</Hsp_query-to>
      <Hsp_hit-from>2</Hsp_hit-from>
      <Hsp_hit-to>7</Hsp_hit-to>
      <Hsp_query-frame>0</Hsp_query-frame>
      <Hsp_hit-frame>0</Hsp_hit-frame>
      <Hsp_identity>4</Hsp_identity>
      <Hsp_positive>6</Hsp_positive>
      <Hsp_gaps>0</Hsp_gaps>
      <Hsp_align-len>6</Hsp_align-len>
      <Hsp_qseq>MPNDFW</Hsp_qseq>
      <Hsp_hseq>LPNDFF</Hsp_hseq>
      <Hsp_midline>+PNDF+</Hsp_midline>
    </Hsp>
  </Hit_hsps>
</Hit>
</Iteration_hits>
  <Iteration_stat>
    <Statistics>
      <Statistics_db-num>2334</Statistics_db-num>
      <Statistics_db-len>25004</Statistics_db-len>
      <Statistics_hsp-len>0</Statistics_hsp-len>
      <Statistics_eff-space>225036</Statistics_eff-space>
      <Statistics_kappa>0.041</Statistics_kappa>
      <Statistics_lambda>0.267</Statistics_lambda>
      <Statistics_entropy>0.14</Statistics_entropy>
    </Statistics>
  </Iteration_stat>
</Iteration>
<Iteration>
  <Iteration_iter-num>49</Iteration_iter-num>
  <Iteration_query-ID>Query_49</Iteration_query-ID>
  <Iteration_query-def>M_2488</Iteration_query-def>
  <Iteration_query-len>9</Iteration_query-len>
<Iteration_hits>
<Hit>
  <Hit_num>1</Hit_num>
  <Hit_id>gnl|BL_ORD_ID|1984</Hit_id>
  <Hit_def>183275|polyprotein|AGW21594.1|Dengue virus 1|11053</Hit_def>
  <Hit_accession>1984</Hit_accession>
  <Hit_len>10</Hit_len>
  <Hit_hsps>
    <Hsp>
      <Hsp_num>1</Hsp_num>
      <Hsp_bit-score>13.0826</Hsp_bit-score>
      <Hsp_score>22</Hsp_score>
      <Hsp_evalue>16.111</Hsp_evalue>
      <Hsp_query-from>1</Hsp_query-from>
      <Hsp_query-to>8</Hsp_query-to>
      <Hsp_hit-from>1</Hsp_hit-from>
      <Hsp_hit-to>8</Hsp_hit-to>
      <Hsp_query-frame>0</Hsp_query-frame>
      <Hsp_hit-frame>0</Hsp_hit-frame>
      <Hsp_identity>4</Hsp_identity>
      <Hsp_positive>6</Hsp_positive>
      <Hsp_gaps>0</Hsp_gaps>
      <Hsp_align-len>8</Hsp_align-len>
      <Hsp_qseq>FTEHDVQI</Hsp_qseq>
      <Hsp_hseq>FTNMEVQL</Hsp_hseq>
      <Hsp_midline>FT  +VQ+</Hsp_midline>
    </Hsp>
  </Hit_hsps>
</Hit>
</Iteration_hits>
  <Iteration_stat>
    <Statistics>
      <Statistics_db-num>2334</Statistics_db-num>
      <Statistics_db-len>25004</Statistics_db-len>
      <Statistics_hsp-len>0</Statistics_hsp-len>
      <Statistics_eff-space>225036</Statistics_eff-space>
      <Statistics_kappa>0.041</Statistics_kappa>
      <Statistics_lambda>0.267</Statistics_lambda>
      <Statistics_entropy>0.14</Statistics_entropy>
    </Statistics>
  </Iteration_stat>
</Iteration>
<Iteration>
  <Iteration_iter-num>50</Iteration_iter-num>
  <Iteration_query-ID>Query_50</Iteration_query-ID>
  <Iteration_query-def>M_2489</Iteration_query-def>
  <Iteration_query-len>9</Iteration_query-len>
<Iteration_hits>
</Iteration_hits>
  <Iteration_stat>
    <Statistics>
      <Statistics_db-num>2334</Statistics_db-num>
      <Statistics_db-len>25004</Statistics_db-len>
      <Statistics_hsp-len>0</Statistics_hsp-len>
      <Statistics_eff-space>225036</Statistics_eff-space>
      <Statistics_kappa>0.041</Statistics_kappa>
      <Statistics_lambda>0.267</Statistics_lambda>
      <Statistics_entropy>0.14</Statistics_entropy>
    </Statistics>
  </Iteration_stat>
  <Iteration_message>No hits found</Iteration_message>
</Iteration>
<Iteration>
  <Iteration_iter-num>51</Iteration_iter-num>
  <Iteration_query-ID>Query_51</Iteration_query-ID>
  <Iteration_query-def>M_2490</Iteration_query-def>
  <Iteration_query-len>9</Iteration_query-len>
<Iteration_hits>
<Hit>
  <Hit_num>1</Hit_num>
  <Hit_id>gnl|BL_ORD_ID|1897</Hit_id>
  <Hit_def>180617|polyprotein|AGO67248.1|Dengue virus 2|11060</Hit_def>
  <Hit_accession>1897</Hit_accession>
  <Hit_len>10</Hit_len>
  <Hit_hsps>
    <Hsp>
      <Hsp_num>1</Hsp_num>
      <Hsp_bit-score>13.4678</Hsp_bit-score>
      <Hsp_score>23</Hsp_score>
      <Hsp_evalue>12.2057</Hsp_evalue>
      <Hsp_query-from>3</Hsp_query-from>
      <Hsp_query-to>8</Hsp_query-to>
      <Hsp_hit-from>5</Hsp_hit-from>
      <Hsp_hit-to>10</Hsp_hit-to>
      <Hsp_query-frame>0</Hsp_query-frame>
      <Hsp_hit-frame>0</Hsp_hit-frame>
      <Hsp_identity>3</Hsp_identity>
      <Hsp_positive>6</Hsp_positive>
      <Hsp_gaps>0</Hsp_gaps>
      <Hsp_align-len>6</Hsp_align-len>
      <Hsp_qseq>YRTPSV</Hsp_qseq>
      <Hsp_hseq>YQTPAI</Hsp_hseq>
      <Hsp_midline>Y+TP++</Hsp_midline>
    </Hsp>
  </Hit_hsps>
</Hit>
<Hit>
  <Hit_num>2</Hit_num>
  <Hit_id>gnl|BL_ORD_ID|2153</Hit_id>
  <Hit_def>189289|gag protein|ADO93742.1|Human immunodeficiency virus 1|11676</Hit_def>
  <Hit_accession>2153</Hit_accession>
  <Hit_len>9</Hit_len>
  <Hit_hsps>
    <Hsp>
      <Hsp_num>1</Hsp_num>
      <Hsp_bit-score>12.3122</Hsp_bit-score>
      <Hsp_score>20</Hsp_score>
      <Hsp_evalue>44.8495</Hsp_evalue>
      <Hsp_query-from>3</Hsp_query-from>
      <Hsp_query-to>9</Hsp_query-to>
      <Hsp_hit-from>3</Hsp_hit-from>
      <Hsp_hit-to>9</Hsp_hit-to>
      <Hsp_query-frame>0</Hsp_query-frame>
      <Hsp_hit-frame>0</Hsp_hit-frame>
      <Hsp_identity>5</Hsp_identity>
      <Hsp_positive>5</Hsp_positive>
      <Hsp_gaps>0</Hsp_gaps>
      <Hsp_align-len>7</Hsp_align-len>
      <Hsp_qseq>YRTPSVL</Hsp_qseq>
      <Hsp_hseq>YNTISVL</Hsp_hseq>
      <Hsp_midline>Y T SVL</Hsp_midline>
    </Hsp>
  </Hit_hsps>
</Hit>
</Iteration_hits>
  <Iteration_stat>
    <Statistics>
      <Statistics_db-num>2334</Statistics_db-num>
      <Statistics_db-len>25004</Statistics_db-len>
      <Statistics_hsp-len>0</Statistics_hsp-len>
      <Statistics_eff-space>225036</Statistics_eff-space>
      <Statistics_kappa>0.041</Statistics_kappa>
      <Statistics_lambda>0.267</Statistics_lambda>
      <Statistics_entropy>0.14</Statistics_entropy>
    </Statistics>
  </Iteration_stat>
</Iteration>
<Iteration>
  <Iteration_iter-num>52</Iteration_iter-num>
  <Iteration_query-ID>Query_52</Iteration_query-ID>
  <Iteration_query-def>M_2491</Iteration_query-def>
  <Iteration_query-len>9</Iteration_query-len>
<Iteration_hits>
</Iteration_hits>
  <Iteration_stat>
    <Statistics>
      <Statistics_db-num>2334</Statistics_db-num>
      <Statistics_db-len>25004</Statistics_db-len>
      <Statistics_hsp-len>0</Statistics_hsp-len>
      <Statistics_eff-space>225036</Statistics_eff-space>
      <Statistics_kappa>0.041</Statistics_kappa>
      <Statistics_lambda>0.267</Statistics_lambda>
      <Statistics_entropy>0.14</Statistics_entropy>
    </Statistics>
  </Iteration_stat>
  <Iteration_message>No hits found</Iteration_message>
</Iteration>
<Iteration>
  <Iteration_iter-num>53</Iteration_iter-num>
  <Iteration_query-ID>Query_53</Iteration_query-ID>
  <Iteration_query-def>M_2492</Iteration_query-def>
  <Iteration_query-len>9</Iteration_query-len>
<Iteration_hits>
</Iteration_hits>
  <Iteration_stat>
    <Statistics>
      <Statistics_db-num>2334</Statistics_db-num>
      <Statistics_db-len>25004</Statistics_db-len>
      <Statistics_hsp-len>0</Statistics_hsp-len>
      <Statistics_eff-space>225036</Statistics_eff-space>
      <Statistics_kappa>0.041</Statistics_kappa>
      <Statistics_lambda>0.267</Statistics_lambda>
      <Statistics_entropy>0.14</Statistics_entropy>
    </Statistics>
  </Iteration_stat>
  <Iteration_message>No hits found</Iteration_message>
</Iteration>
<Iteration>
  <Iteration_iter-num>54</Iteration_iter-num>
  <Iteration_query-ID>Query_54</Iteration_query-ID>
  <Iteration_query-def>M_2493</Iteration_query-def>
  <Iteration_query-len>9</Iteration_query-len>
<Iteration_hits>
</Iteration_hits>
  <Iteration_stat>
    <Statistics>
      <Statistics_db-num>2334</Statistics_db-num>
      <Statistics_db-len>25004</Statistics_db-len>
      <Statistics_hsp-len>0</Statistics_hsp-len>
      <Statistics_eff-space>225036</Statistics_eff-space>
      <Statistics_kappa>0.041</Statistics_kappa>
      <Statistics_lambda>0.267</Statistics_lambda>
      <Statistics_entropy>0.14</Statistics_entropy>
    </Statistics>
  </Iteration_stat>
  <Iteration_message>No hits found</Iteration_message>
</Iteration>
<Iteration>
  <Iteration_iter-num>55</Iteration_iter-num>
  <Iteration_query-ID>Query_55</Iteration_query-ID>
  <Iteration_query-def>M_2494</Iteration_query-def>
  <Iteration_query-len>9</Iteration_query-len>
<Iteration_hits>
<Hit>
  <Hit_num>1</Hit_num>
  <Hit_id>gnl|BL_ORD_ID|1822</Hit_id>
  <Hit_def>178247|Protein E6|P03126.1|Human papillomavirus type 16|333760</Hit_def>
  <Hit_accession>1822</Hit_accession>
  <Hit_len>15</Hit_len>
  <Hit_hsps>
    <Hsp>
      <Hsp_num>1</Hsp_num>
      <Hsp_bit-score>14.2382</Hsp_bit-score>
      <Hsp_score>25</Hsp_score>
      <Hsp_evalue>3.43226</Hsp_evalue>
      <Hsp_query-from>1</Hsp_query-from>
      <Hsp_query-to>8</Hsp_query-to>
      <Hsp_hit-from>6</Hsp_hit-from>
      <Hsp_hit-to>13</Hsp_hit-to>
      <Hsp_query-frame>0</Hsp_query-frame>
      <Hsp_hit-frame>0</Hsp_hit-frame>
      <Hsp_identity>4</Hsp_identity>
      <Hsp_positive>5</Hsp_positive>
      <Hsp_gaps>0</Hsp_gaps>
      <Hsp_align-len>8</Hsp_align-len>
      <Hsp_qseq>QEFENIKS</Hsp_qseq>
      <Hsp_hseq>QRFHNIRG</Hsp_hseq>
      <Hsp_midline>Q F NI+ </Hsp_midline>
    </Hsp>
  </Hit_hsps>
</Hit>
<Hit>
  <Hit_num>2</Hit_num>
  <Hit_id>gnl|BL_ORD_ID|1384</Hit_id>
  <Hit_def>110205|Protein E6|P03126.1|Human papillomavirus type 16|333760</Hit_def>
  <Hit_accession>1384</Hit_accession>
  <Hit_len>32</Hit_len>
  <Hit_hsps>
    <Hsp>
      <Hsp_num>1</Hsp_num>
      <Hsp_bit-score>14.2382</Hsp_bit-score>
      <Hsp_score>25</Hsp_score>
      <Hsp_evalue>4.11038</Hsp_evalue>
      <Hsp_query-from>1</Hsp_query-from>
      <Hsp_query-to>7</Hsp_query-to>
      <Hsp_hit-from>4</Hsp_hit-from>
      <Hsp_hit-to>10</Hsp_hit-to>
      <Hsp_query-frame>0</Hsp_query-frame>
      <Hsp_hit-frame>0</Hsp_hit-frame>
      <Hsp_identity>4</Hsp_identity>
      <Hsp_positive>5</Hsp_positive>
      <Hsp_gaps>0</Hsp_gaps>
      <Hsp_align-len>7</Hsp_align-len>
      <Hsp_qseq>QEFENIK</Hsp_qseq>
      <Hsp_hseq>QRFHNIR</Hsp_hseq>
      <Hsp_midline>Q F NI+</Hsp_midline>
    </Hsp>
  </Hit_hsps>
</Hit>
<Hit>
  <Hit_num>3</Hit_num>
  <Hit_id>gnl|BL_ORD_ID|1385</Hit_id>
  <Hit_def>110215|Protein E6|P03126.1|Human papillomavirus type 16|333760</Hit_def>
  <Hit_accession>1385</Hit_accession>
  <Hit_len>25</Hit_len>
  <Hit_hsps>
    <Hsp>
      <Hsp_num>1</Hsp_num>
      <Hsp_bit-score>14.2382</Hsp_bit-score>
      <Hsp_score>25</Hsp_score>
      <Hsp_evalue>4.57287</Hsp_evalue>
      <Hsp_query-from>1</Hsp_query-from>
      <Hsp_query-to>8</Hsp_query-to>
      <Hsp_hit-from>10</Hsp_hit-from>
      <Hsp_hit-to>17</Hsp_hit-to>
      <Hsp_query-frame>0</Hsp_query-frame>
      <Hsp_hit-frame>0</Hsp_hit-frame>
      <Hsp_identity>4</Hsp_identity>
      <Hsp_positive>5</Hsp_positive>
      <Hsp_gaps>0</Hsp_gaps>
      <Hsp_align-len>8</Hsp_align-len>
      <Hsp_qseq>QEFENIKS</Hsp_qseq>
      <Hsp_hseq>QRFHNIRG</Hsp_hseq>
      <Hsp_midline>Q F NI+ </Hsp_midline>
    </Hsp>
  </Hit_hsps>
</Hit>
<Hit>
  <Hit_num>4</Hit_num>
  <Hit_id>gnl|BL_ORD_ID|1395</Hit_id>
  <Hit_def>110394|Protein E6|P03126.1|Human papillomavirus type 16|333760</Hit_def>
  <Hit_accession>1395</Hit_accession>
  <Hit_len>32</Hit_len>
  <Hit_hsps>
    <Hsp>
      <Hsp_num>1</Hsp_num>
      <Hsp_bit-score>13.0826</Hsp_bit-score>
      <Hsp_score>22</Hsp_score>
      <Hsp_evalue>18.1365</Hsp_evalue>
      <Hsp_query-from>1</Hsp_query-from>
      <Hsp_query-to>7</Hsp_query-to>
      <Hsp_hit-from>22</Hsp_hit-from>
      <Hsp_hit-to>28</Hsp_hit-to>
      <Hsp_query-frame>0</Hsp_query-frame>
      <Hsp_hit-frame>0</Hsp_hit-frame>
      <Hsp_identity>4</Hsp_identity>
      <Hsp_positive>5</Hsp_positive>
      <Hsp_gaps>0</Hsp_gaps>
      <Hsp_align-len>7</Hsp_align-len>
      <Hsp_qseq>QEFENIK</Hsp_qseq>
      <Hsp_hseq>QRFHNIR</Hsp_hseq>
      <Hsp_midline>Q F NI+</Hsp_midline>
    </Hsp>
  </Hit_hsps>
</Hit>
</Iteration_hits>
  <Iteration_stat>
    <Statistics>
      <Statistics_db-num>2334</Statistics_db-num>
      <Statistics_db-len>25004</Statistics_db-len>
      <Statistics_hsp-len>0</Statistics_hsp-len>
      <Statistics_eff-space>225036</Statistics_eff-space>
      <Statistics_kappa>0.041</Statistics_kappa>
      <Statistics_lambda>0.267</Statistics_lambda>
      <Statistics_entropy>0.14</Statistics_entropy>
    </Statistics>
  </Iteration_stat>
</Iteration>
<Iteration>
  <Iteration_iter-num>56</Iteration_iter-num>
  <Iteration_query-ID>Query_56</Iteration_query-ID>
  <Iteration_query-def>M_2495</Iteration_query-def>
  <Iteration_query-len>9</Iteration_query-len>
<Iteration_hits>
</Iteration_hits>
  <Iteration_stat>
    <Statistics>
      <Statistics_db-num>2334</Statistics_db-num>
      <Statistics_db-len>25004</Statistics_db-len>
      <Statistics_hsp-len>0</Statistics_hsp-len>
      <Statistics_eff-space>225036</Statistics_eff-space>
      <Statistics_kappa>0.041</Statistics_kappa>
      <Statistics_lambda>0.267</Statistics_lambda>
      <Statistics_entropy>0.14</Statistics_entropy>
    </Statistics>
  </Iteration_stat>
  <Iteration_message>No hits found</Iteration_message>
</Iteration>
<Iteration>
  <Iteration_iter-num>57</Iteration_iter-num>
  <Iteration_query-ID>Query_57</Iteration_query-ID>
  <Iteration_query-def>M_2496</Iteration_query-def>
  <Iteration_query-len>9</Iteration_query-len>
<Iteration_hits>
<Hit>
  <Hit_num>1</Hit_num>
  <Hit_id>gnl|BL_ORD_ID|1185</Hit_id>
  <Hit_def>93270|hypothetical protein|NP_218356.1|Mycobacterium tuberculosis H37Rv|83332</Hit_def>
  <Hit_accession>1185</Hit_accession>
  <Hit_len>9</Hit_len>
  <Hit_hsps>
    <Hsp>
      <Hsp_num>1</Hsp_num>
      <Hsp_bit-score>15.0086</Hsp_bit-score>
      <Hsp_score>27</Hsp_score>
      <Hsp_evalue>0.92904</Hsp_evalue>
      <Hsp_query-from>2</Hsp_query-from>
      <Hsp_query-to>9</Hsp_query-to>
      <Hsp_hit-from>2</Hsp_hit-from>
      <Hsp_hit-to>9</Hsp_hit-to>
      <Hsp_query-frame>0</Hsp_query-frame>
      <Hsp_hit-frame>0</Hsp_hit-frame>
      <Hsp_identity>5</Hsp_identity>
      <Hsp_positive>6</Hsp_positive>
      <Hsp_gaps>0</Hsp_gaps>
      <Hsp_align-len>8</Hsp_align-len>
      <Hsp_qseq>MYDGRFLV</Hsp_qseq>
      <Hsp_hseq>LYDGSFAV</Hsp_hseq>
      <Hsp_midline>+YDG F V</Hsp_midline>
    </Hsp>
  </Hit_hsps>
</Hit>
</Iteration_hits>
  <Iteration_stat>
    <Statistics>
      <Statistics_db-num>2334</Statistics_db-num>
      <Statistics_db-len>25004</Statistics_db-len>
      <Statistics_hsp-len>0</Statistics_hsp-len>
      <Statistics_eff-space>225036</Statistics_eff-space>
      <Statistics_kappa>0.041</Statistics_kappa>
      <Statistics_lambda>0.267</Statistics_lambda>
      <Statistics_entropy>0.14</Statistics_entropy>
    </Statistics>
  </Iteration_stat>
</Iteration>
<Iteration>
  <Iteration_iter-num>58</Iteration_iter-num>
  <Iteration_query-ID>Query_58</Iteration_query-ID>
  <Iteration_query-def>M_2497</Iteration_query-def>
  <Iteration_query-len>9</Iteration_query-len>
<Iteration_hits>
</Iteration_hits>
  <Iteration_stat>
    <Statistics>
      <Statistics_db-num>2334</Statistics_db-num>
      <Statistics_db-len>25004</Statistics_db-len>
      <Statistics_hsp-len>0</Statistics_hsp-len>
      <Statistics_eff-space>225036</Statistics_eff-space>
      <Statistics_kappa>0.041</Statistics_kappa>
      <Statistics_lambda>0.267</Statistics_lambda>
      <Statistics_entropy>0.14</Statistics_entropy>
    </Statistics>
  </Iteration_stat>
  <Iteration_message>No hits found</Iteration_message>
</Iteration>
<Iteration>
  <Iteration_iter-num>59</Iteration_iter-num>
  <Iteration_query-ID>Query_59</Iteration_query-ID>
  <Iteration_query-def>M_2498</Iteration_query-def>
  <Iteration_query-len>9</Iteration_query-len>
<Iteration_hits>
</Iteration_hits>
  <Iteration_stat>
    <Statistics>
      <Statistics_db-num>2334</Statistics_db-num>
      <Statistics_db-len>25004</Statistics_db-len>
      <Statistics_hsp-len>0</Statistics_hsp-len>
      <Statistics_eff-space>225036</Statistics_eff-space>
      <Statistics_kappa>0.041</Statistics_kappa>
      <Statistics_lambda>0.267</Statistics_lambda>
      <Statistics_entropy>0.14</Statistics_entropy>
    </Statistics>
  </Iteration_stat>
  <Iteration_message>No hits found</Iteration_message>
</Iteration>
<Iteration>
  <Iteration_iter-num>60</Iteration_iter-num>
  <Iteration_query-ID>Query_60</Iteration_query-ID>
  <Iteration_query-def>M_2499</Iteration_query-def>
  <Iteration_query-len>9</Iteration_query-len>
<Iteration_hits>
</Iteration_hits>
  <Iteration_stat>
    <Statistics>
      <Statistics_db-num>2334</Statistics_db-num>
      <Statistics_db-len>25004</Statistics_db-len>
      <Statistics_hsp-len>0</Statistics_hsp-len>
      <Statistics_eff-space>225036</Statistics_eff-space>
      <Statistics_kappa>0.041</Statistics_kappa>
      <Statistics_lambda>0.267</Statistics_lambda>
      <Statistics_entropy>0.14</Statistics_entropy>
    </Statistics>
  </Iteration_stat>
  <Iteration_message>No hits found</Iteration_message>
</Iteration>
<Iteration>
  <Iteration_iter-num>61</Iteration_iter-num>
  <Iteration_query-ID>Query_61</Iteration_query-ID>
  <Iteration_query-def>M_2500</Iteration_query-def>
  <Iteration_query-len>9</Iteration_query-len>
<Iteration_hits>
</Iteration_hits>
  <Iteration_stat>
    <Statistics>
      <Statistics_db-num>2334</Statistics_db-num>
      <Statistics_db-len>25004</Statistics_db-len>
      <Statistics_hsp-len>0</Statistics_hsp-len>
      <Statistics_eff-space>225036</Statistics_eff-space>
      <Statistics_kappa>0.041</Statistics_kappa>
      <Statistics_lambda>0.267</Statistics_lambda>
      <Statistics_entropy>0.14</Statistics_entropy>
    </Statistics>
  </Iteration_stat>
  <Iteration_message>No hits found</Iteration_message>
</Iteration>
<Iteration>
  <Iteration_iter-num>62</Iteration_iter-num>
  <Iteration_query-ID>Query_62</Iteration_query-ID>
  <Iteration_query-def>M_2501</Iteration_query-def>
  <Iteration_query-len>9</Iteration_query-len>
<Iteration_hits>
</Iteration_hits>
  <Iteration_stat>
    <Statistics>
      <Statistics_db-num>2334</Statistics_db-num>
      <Statistics_db-len>25004</Statistics_db-len>
      <Statistics_hsp-len>0</Statistics_hsp-len>
      <Statistics_eff-space>225036</Statistics_eff-space>
      <Statistics_kappa>0.041</Statistics_kappa>
      <Statistics_lambda>0.267</Statistics_lambda>
      <Statistics_entropy>0.14</Statistics_entropy>
    </Statistics>
  </Iteration_stat>
  <Iteration_message>No hits found</Iteration_message>
</Iteration>
<Iteration>
  <Iteration_iter-num>63</Iteration_iter-num>
  <Iteration_query-ID>Query_63</Iteration_query-ID>
  <Iteration_query-def>M_2502</Iteration_query-def>
  <Iteration_query-len>9</Iteration_query-len>
<Iteration_hits>
<Hit>
  <Hit_num>1</Hit_num>
  <Hit_id>gnl|BL_ORD_ID|235</Hit_id>
  <Hit_def>16814|precore protein|CAM58990.1|Hepatitis B virus|10407</Hit_def>
  <Hit_accession>235</Hit_accession>
  <Hit_len>10</Hit_len>
  <Hit_hsps>
    <Hsp>
      <Hsp_num>1</Hsp_num>
      <Hsp_bit-score>15.0086</Hsp_bit-score>
      <Hsp_score>27</Hsp_score>
      <Hsp_evalue>0.948031</Hsp_evalue>
      <Hsp_query-from>3</Hsp_query-from>
      <Hsp_query-to>8</Hsp_query-to>
      <Hsp_hit-from>2</Hsp_hit-from>
      <Hsp_hit-to>7</Hsp_hit-to>
      <Hsp_query-frame>0</Hsp_query-frame>
      <Hsp_hit-frame>0</Hsp_hit-frame>
      <Hsp_identity>4</Hsp_identity>
      <Hsp_positive>6</Hsp_positive>
      <Hsp_gaps>0</Hsp_gaps>
      <Hsp_align-len>6</Hsp_align-len>
      <Hsp_qseq>MPNDFW</Hsp_qseq>
      <Hsp_hseq>LPNDFF</Hsp_hseq>
      <Hsp_midline>+PNDF+</Hsp_midline>
    </Hsp>
  </Hit_hsps>
</Hit>
<Hit>
  <Hit_num>2</Hit_num>
  <Hit_id>gnl|BL_ORD_ID|234</Hit_id>
  <Hit_def>16813|External core antigen|SRC279980|Hepatitis B virus|10407</Hit_def>
  <Hit_accession>234</Hit_accession>
  <Hit_len>10</Hit_len>
  <Hit_hsps>
    <Hsp>
      <Hsp_num>1</Hsp_num>
      <Hsp_bit-score>15.0086</Hsp_bit-score>
      <Hsp_score>27</Hsp_score>
      <Hsp_evalue>0.978697</Hsp_evalue>
      <Hsp_query-from>3</Hsp_query-from>
      <Hsp_query-to>8</Hsp_query-to>
      <Hsp_hit-from>2</Hsp_hit-from>
      <Hsp_hit-to>7</Hsp_hit-to>
      <Hsp_query-frame>0</Hsp_query-frame>
      <Hsp_hit-frame>0</Hsp_hit-frame>
      <Hsp_identity>4</Hsp_identity>
      <Hsp_positive>6</Hsp_positive>
      <Hsp_gaps>0</Hsp_gaps>
      <Hsp_align-len>6</Hsp_align-len>
      <Hsp_qseq>MPNDFW</Hsp_qseq>
      <Hsp_hseq>LPNDFF</Hsp_hseq>
      <Hsp_midline>+PNDF+</Hsp_midline>
    </Hsp>
  </Hit_hsps>
</Hit>
</Iteration_hits>
  <Iteration_stat>
    <Statistics>
      <Statistics_db-num>2334</Statistics_db-num>
      <Statistics_db-len>25004</Statistics_db-len>
      <Statistics_hsp-len>0</Statistics_hsp-len>
      <Statistics_eff-space>225036</Statistics_eff-space>
      <Statistics_kappa>0.041</Statistics_kappa>
      <Statistics_lambda>0.267</Statistics_lambda>
      <Statistics_entropy>0.14</Statistics_entropy>
    </Statistics>
  </Iteration_stat>
</Iteration>
</BlastOutput_iterations>
</BlastOutput>

