<?xml version="1.0"?>
<!DOCTYPE BlastOutput PUBLIC "-//NCBI//NCBI BlastOutput/EN" "http://www.ncbi.nlm.nih.gov/dtd/NCBI_BlastOutput.dtd">
<BlastOutput>
  <BlastOutput_program>blastp</BlastOutput_program>
  <BlastOutput_version>BLASTP 2.2.30+</BlastOutput_version>
  <BlastOutput_reference>Stephen F. Altschul, Thomas L. Madden, Alejandro A. Sch&amp;auml;ffer, Jinghui Zhang, Zheng Zhang, Webb Miller, and David J. Lipman (1997), &quot;Gapped BLAST and PSI-BLAST: a new generation of protein database search programs&quot;, Nucleic Acids Res. 25:3389-3402.</BlastOutput_reference>
  <BlastOutput_db>/Users/mluksza/Dropbox/CancerLocal//enemy/iedb_2016//iedb.fasta</BlastOutput_db>
  <BlastOutput_query-ID>Query_1</BlastOutput_query-ID>
  <BlastOutput_query-def>M_326</BlastOutput_query-def>
  <BlastOutput_query-len>9</BlastOutput_query-len>
  <BlastOutput_param>
    <Parameters>
      <Parameters_matrix>BLOSUM62</Parameters_matrix>
      <Parameters_expect>100000000</Parameters_expect>
      <Parameters_gap-open>11</Parameters_gap-open>
      <Parameters_gap-extend>1</Parameters_gap-extend>
      <Parameters_filter>F</Parameters_filter>
    </Parameters>
  </BlastOutput_param>
<BlastOutput_iterations>
<Iteration>
  <Iteration_iter-num>1</Iteration_iter-num>
  <Iteration_query-ID>Query_1</Iteration_query-ID>
  <Iteration_query-def>M_326</Iteration_query-def>
  <Iteration_query-len>9</Iteration_query-len>
<Iteration_hits>
</Iteration_hits>
  <Iteration_stat>
    <Statistics>
      <Statistics_db-num>2334</Statistics_db-num>
      <Statistics_db-len>25004</Statistics_db-len>
      <Statistics_hsp-len>0</Statistics_hsp-len>
      <Statistics_eff-space>225036</Statistics_eff-space>
      <Statistics_kappa>0.041</Statistics_kappa>
      <Statistics_lambda>0.267</Statistics_lambda>
      <Statistics_entropy>0.14</Statistics_entropy>
    </Statistics>
  </Iteration_stat>
  <Iteration_message>No hits found</Iteration_message>
</Iteration>
<Iteration>
  <Iteration_iter-num>2</Iteration_iter-num>
  <Iteration_query-ID>Query_2</Iteration_query-ID>
  <Iteration_query-def>M_327</Iteration_query-def>
  <Iteration_query-len>9</Iteration_query-len>
<Iteration_hits>
</Iteration_hits>
  <Iteration_stat>
    <Statistics>
      <Statistics_db-num>2334</Statistics_db-num>
      <Statistics_db-len>25004</Statistics_db-len>
      <Statistics_hsp-len>0</Statistics_hsp-len>
      <Statistics_eff-space>225036</Statistics_eff-space>
      <Statistics_kappa>0.041</Statistics_kappa>
      <Statistics_lambda>0.267</Statistics_lambda>
      <Statistics_entropy>0.14</Statistics_entropy>
    </Statistics>
  </Iteration_stat>
  <Iteration_message>No hits found</Iteration_message>
</Iteration>
<Iteration>
  <Iteration_iter-num>3</Iteration_iter-num>
  <Iteration_query-ID>Query_3</Iteration_query-ID>
  <Iteration_query-def>M_328</Iteration_query-def>
  <Iteration_query-len>9</Iteration_query-len>
<Iteration_hits>
</Iteration_hits>
  <Iteration_stat>
    <Statistics>
      <Statistics_db-num>2334</Statistics_db-num>
      <Statistics_db-len>25004</Statistics_db-len>
      <Statistics_hsp-len>0</Statistics_hsp-len>
      <Statistics_eff-space>225036</Statistics_eff-space>
      <Statistics_kappa>0.041</Statistics_kappa>
      <Statistics_lambda>0.267</Statistics_lambda>
      <Statistics_entropy>0.14</Statistics_entropy>
    </Statistics>
  </Iteration_stat>
  <Iteration_message>No hits found</Iteration_message>
</Iteration>
<Iteration>
  <Iteration_iter-num>4</Iteration_iter-num>
  <Iteration_query-ID>Query_4</Iteration_query-ID>
  <Iteration_query-def>M_329</Iteration_query-def>
  <Iteration_query-len>9</Iteration_query-len>
<Iteration_hits>
<Hit>
  <Hit_num>1</Hit_num>
  <Hit_id>gnl|BL_ORD_ID|2102</Hit_id>
  <Hit_def>185978|polyprotein|CDF77361.1|Dengue virus 3|11069</Hit_def>
  <Hit_accession>2102</Hit_accession>
  <Hit_len>10</Hit_len>
  <Hit_hsps>
    <Hsp>
      <Hsp_num>1</Hsp_num>
      <Hsp_bit-score>12.3122</Hsp_bit-score>
      <Hsp_score>20</Hsp_score>
      <Hsp_evalue>44.0514</Hsp_evalue>
      <Hsp_query-from>1</Hsp_query-from>
      <Hsp_query-to>5</Hsp_query-to>
      <Hsp_hit-from>3</Hsp_hit-from>
      <Hsp_hit-to>7</Hsp_hit-to>
      <Hsp_query-frame>0</Hsp_query-frame>
      <Hsp_hit-frame>0</Hsp_hit-frame>
      <Hsp_identity>3</Hsp_identity>
      <Hsp_positive>5</Hsp_positive>
      <Hsp_gaps>0</Hsp_gaps>
      <Hsp_align-len>5</Hsp_align-len>
      <Hsp_qseq>GIICL</Hsp_qseq>
      <Hsp_hseq>GVLCL</Hsp_hseq>
      <Hsp_midline>G++CL</Hsp_midline>
    </Hsp>
  </Hit_hsps>
</Hit>
</Iteration_hits>
  <Iteration_stat>
    <Statistics>
      <Statistics_db-num>2334</Statistics_db-num>
      <Statistics_db-len>25004</Statistics_db-len>
      <Statistics_hsp-len>0</Statistics_hsp-len>
      <Statistics_eff-space>225036</Statistics_eff-space>
      <Statistics_kappa>0.041</Statistics_kappa>
      <Statistics_lambda>0.267</Statistics_lambda>
      <Statistics_entropy>0.14</Statistics_entropy>
    </Statistics>
  </Iteration_stat>
</Iteration>
<Iteration>
  <Iteration_iter-num>5</Iteration_iter-num>
  <Iteration_query-ID>Query_5</Iteration_query-ID>
  <Iteration_query-def>M_330</Iteration_query-def>
  <Iteration_query-len>9</Iteration_query-len>
<Iteration_hits>
</Iteration_hits>
  <Iteration_stat>
    <Statistics>
      <Statistics_db-num>2334</Statistics_db-num>
      <Statistics_db-len>25004</Statistics_db-len>
      <Statistics_hsp-len>0</Statistics_hsp-len>
      <Statistics_eff-space>225036</Statistics_eff-space>
      <Statistics_kappa>0.041</Statistics_kappa>
      <Statistics_lambda>0.267</Statistics_lambda>
      <Statistics_entropy>0.14</Statistics_entropy>
    </Statistics>
  </Iteration_stat>
  <Iteration_message>No hits found</Iteration_message>
</Iteration>
</BlastOutput_iterations>
</BlastOutput>

