<?xml version="1.0"?>
<!DOCTYPE BlastOutput PUBLIC "-//NCBI//NCBI BlastOutput/EN" "http://www.ncbi.nlm.nih.gov/dtd/NCBI_BlastOutput.dtd">
<BlastOutput>
  <BlastOutput_program>blastp</BlastOutput_program>
  <BlastOutput_version>BLASTP 2.2.30+</BlastOutput_version>
  <BlastOutput_reference>Stephen F. Altschul, Thomas L. Madden, Alejandro A. Sch&amp;auml;ffer, Jinghui Zhang, Zheng Zhang, Webb Miller, and David J. Lipman (1997), &quot;Gapped BLAST and PSI-BLAST: a new generation of protein database search programs&quot;, Nucleic Acids Res. 25:3389-3402.</BlastOutput_reference>
  <BlastOutput_db>/Users/mluksza/Dropbox/CancerLocal//enemy/iedb_2016//iedb.fasta</BlastOutput_db>
  <BlastOutput_query-ID>Query_1</BlastOutput_query-ID>
  <BlastOutput_query-def>M_415</BlastOutput_query-def>
  <BlastOutput_query-len>9</BlastOutput_query-len>
  <BlastOutput_param>
    <Parameters>
      <Parameters_matrix>BLOSUM62</Parameters_matrix>
      <Parameters_expect>100000000</Parameters_expect>
      <Parameters_gap-open>11</Parameters_gap-open>
      <Parameters_gap-extend>1</Parameters_gap-extend>
      <Parameters_filter>F</Parameters_filter>
    </Parameters>
  </BlastOutput_param>
<BlastOutput_iterations>
<Iteration>
  <Iteration_iter-num>1</Iteration_iter-num>
  <Iteration_query-ID>Query_1</Iteration_query-ID>
  <Iteration_query-def>M_415</Iteration_query-def>
  <Iteration_query-len>9</Iteration_query-len>
<Iteration_hits>
</Iteration_hits>
  <Iteration_stat>
    <Statistics>
      <Statistics_db-num>2334</Statistics_db-num>
      <Statistics_db-len>25004</Statistics_db-len>
      <Statistics_hsp-len>0</Statistics_hsp-len>
      <Statistics_eff-space>225036</Statistics_eff-space>
      <Statistics_kappa>0.041</Statistics_kappa>
      <Statistics_lambda>0.267</Statistics_lambda>
      <Statistics_entropy>0.14</Statistics_entropy>
    </Statistics>
  </Iteration_stat>
  <Iteration_message>No hits found</Iteration_message>
</Iteration>
<Iteration>
  <Iteration_iter-num>2</Iteration_iter-num>
  <Iteration_query-ID>Query_2</Iteration_query-ID>
  <Iteration_query-def>M_416</Iteration_query-def>
  <Iteration_query-len>9</Iteration_query-len>
<Iteration_hits>
<Hit>
  <Hit_num>1</Hit_num>
  <Hit_id>gnl|BL_ORD_ID|1253</Hit_id>
  <Hit_def>98223|trans-sialidase, putative|EAN80725.1|Trypanosoma cruzi|5693</Hit_def>
  <Hit_accession>1253</Hit_accession>
  <Hit_len>9</Hit_len>
  <Hit_hsps>
    <Hsp>
      <Hsp_num>1</Hsp_num>
      <Hsp_bit-score>13.853</Hsp_bit-score>
      <Hsp_score>24</Hsp_score>
      <Hsp_evalue>7.58732</Hsp_evalue>
      <Hsp_query-from>3</Hsp_query-from>
      <Hsp_query-to>9</Hsp_query-to>
      <Hsp_hit-from>2</Hsp_hit-from>
      <Hsp_hit-to>8</Hsp_hit-to>
      <Hsp_query-frame>0</Hsp_query-frame>
      <Hsp_hit-frame>0</Hsp_hit-frame>
      <Hsp_identity>4</Hsp_identity>
      <Hsp_positive>5</Hsp_positive>
      <Hsp_gaps>0</Hsp_gaps>
      <Hsp_align-len>7</Hsp_align-len>
      <Hsp_qseq>VLGYWAF</Hsp_qseq>
      <Hsp_hseq>LLGLWGF</Hsp_hseq>
      <Hsp_midline>+LG W F</Hsp_midline>
    </Hsp>
  </Hit_hsps>
</Hit>
<Hit>
  <Hit_num>2</Hit_num>
  <Hit_id>gnl|BL_ORD_ID|616</Hit_id>
  <Hit_def>37351|trans-sialidase, putative|EAN81560.1|Trypanosoma cruzi|5693</Hit_def>
  <Hit_accession>616</Hit_accession>
  <Hit_len>10</Hit_len>
  <Hit_hsps>
    <Hsp>
      <Hsp_num>1</Hsp_num>
      <Hsp_bit-score>13.4678</Hsp_bit-score>
      <Hsp_score>23</Hsp_score>
      <Hsp_evalue>7.89871</Hsp_evalue>
      <Hsp_query-from>3</Hsp_query-from>
      <Hsp_query-to>9</Hsp_query-to>
      <Hsp_hit-from>1</Hsp_hit-from>
      <Hsp_hit-to>7</Hsp_hit-to>
      <Hsp_query-frame>0</Hsp_query-frame>
      <Hsp_hit-frame>0</Hsp_hit-frame>
      <Hsp_identity>4</Hsp_identity>
      <Hsp_positive>5</Hsp_positive>
      <Hsp_gaps>0</Hsp_gaps>
      <Hsp_align-len>7</Hsp_align-len>
      <Hsp_qseq>VLGYWAF</Hsp_qseq>
      <Hsp_hseq>LLGLWVF</Hsp_hseq>
      <Hsp_midline>+LG W F</Hsp_midline>
    </Hsp>
  </Hit_hsps>
</Hit>
<Hit>
  <Hit_num>3</Hit_num>
  <Hit_id>gnl|BL_ORD_ID|614</Hit_id>
  <Hit_def>37347|Sialidase 85-1.1 precursor|P18269.2|Trypanosoma cruzi|5693</Hit_def>
  <Hit_accession>614</Hit_accession>
  <Hit_len>10</Hit_len>
  <Hit_hsps>
    <Hsp>
      <Hsp_num>1</Hsp_num>
      <Hsp_bit-score>11.927</Hsp_bit-score>
      <Hsp_score>19</Hsp_score>
      <Hsp_evalue>77.1759</Hsp_evalue>
      <Hsp_query-from>3</Hsp_query-from>
      <Hsp_query-to>9</Hsp_query-to>
      <Hsp_hit-from>1</Hsp_hit-from>
      <Hsp_hit-to>7</Hsp_hit-to>
      <Hsp_query-frame>0</Hsp_query-frame>
      <Hsp_hit-frame>0</Hsp_hit-frame>
      <Hsp_identity>3</Hsp_identity>
      <Hsp_positive>4</Hsp_positive>
      <Hsp_gaps>0</Hsp_gaps>
      <Hsp_align-len>7</Hsp_align-len>
      <Hsp_qseq>VLGYWAF</Hsp_qseq>
      <Hsp_hseq>LLGLWGL</Hsp_hseq>
      <Hsp_midline>+LG W  </Hsp_midline>
    </Hsp>
  </Hit_hsps>
</Hit>
</Iteration_hits>
  <Iteration_stat>
    <Statistics>
      <Statistics_db-num>2334</Statistics_db-num>
      <Statistics_db-len>25004</Statistics_db-len>
      <Statistics_hsp-len>0</Statistics_hsp-len>
      <Statistics_eff-space>225036</Statistics_eff-space>
      <Statistics_kappa>0.041</Statistics_kappa>
      <Statistics_lambda>0.267</Statistics_lambda>
      <Statistics_entropy>0.14</Statistics_entropy>
    </Statistics>
  </Iteration_stat>
</Iteration>
<Iteration>
  <Iteration_iter-num>3</Iteration_iter-num>
  <Iteration_query-ID>Query_3</Iteration_query-ID>
  <Iteration_query-def>M_417</Iteration_query-def>
  <Iteration_query-len>9</Iteration_query-len>
<Iteration_hits>
<Hit>
  <Hit_num>1</Hit_num>
  <Hit_id>gnl|BL_ORD_ID|1253</Hit_id>
  <Hit_def>98223|trans-sialidase, putative|EAN80725.1|Trypanosoma cruzi|5693</Hit_def>
  <Hit_accession>1253</Hit_accession>
  <Hit_len>9</Hit_len>
  <Hit_hsps>
    <Hsp>
      <Hsp_num>1</Hsp_num>
      <Hsp_bit-score>13.853</Hsp_bit-score>
      <Hsp_score>24</Hsp_score>
      <Hsp_evalue>7.58732</Hsp_evalue>
      <Hsp_query-from>3</Hsp_query-from>
      <Hsp_query-to>9</Hsp_query-to>
      <Hsp_hit-from>2</Hsp_hit-from>
      <Hsp_hit-to>8</Hsp_hit-to>
      <Hsp_query-frame>0</Hsp_query-frame>
      <Hsp_hit-frame>0</Hsp_hit-frame>
      <Hsp_identity>4</Hsp_identity>
      <Hsp_positive>5</Hsp_positive>
      <Hsp_gaps>0</Hsp_gaps>
      <Hsp_align-len>7</Hsp_align-len>
      <Hsp_qseq>VLGYWAF</Hsp_qseq>
      <Hsp_hseq>LLGLWGF</Hsp_hseq>
      <Hsp_midline>+LG W F</Hsp_midline>
    </Hsp>
  </Hit_hsps>
</Hit>
<Hit>
  <Hit_num>2</Hit_num>
  <Hit_id>gnl|BL_ORD_ID|616</Hit_id>
  <Hit_def>37351|trans-sialidase, putative|EAN81560.1|Trypanosoma cruzi|5693</Hit_def>
  <Hit_accession>616</Hit_accession>
  <Hit_len>10</Hit_len>
  <Hit_hsps>
    <Hsp>
      <Hsp_num>1</Hsp_num>
      <Hsp_bit-score>13.4678</Hsp_bit-score>
      <Hsp_score>23</Hsp_score>
      <Hsp_evalue>7.89871</Hsp_evalue>
      <Hsp_query-from>3</Hsp_query-from>
      <Hsp_query-to>9</Hsp_query-to>
      <Hsp_hit-from>1</Hsp_hit-from>
      <Hsp_hit-to>7</Hsp_hit-to>
      <Hsp_query-frame>0</Hsp_query-frame>
      <Hsp_hit-frame>0</Hsp_hit-frame>
      <Hsp_identity>4</Hsp_identity>
      <Hsp_positive>5</Hsp_positive>
      <Hsp_gaps>0</Hsp_gaps>
      <Hsp_align-len>7</Hsp_align-len>
      <Hsp_qseq>VLGYWAF</Hsp_qseq>
      <Hsp_hseq>LLGLWVF</Hsp_hseq>
      <Hsp_midline>+LG W F</Hsp_midline>
    </Hsp>
  </Hit_hsps>
</Hit>
<Hit>
  <Hit_num>3</Hit_num>
  <Hit_id>gnl|BL_ORD_ID|614</Hit_id>
  <Hit_def>37347|Sialidase 85-1.1 precursor|P18269.2|Trypanosoma cruzi|5693</Hit_def>
  <Hit_accession>614</Hit_accession>
  <Hit_len>10</Hit_len>
  <Hit_hsps>
    <Hsp>
      <Hsp_num>1</Hsp_num>
      <Hsp_bit-score>11.927</Hsp_bit-score>
      <Hsp_score>19</Hsp_score>
      <Hsp_evalue>77.1759</Hsp_evalue>
      <Hsp_query-from>3</Hsp_query-from>
      <Hsp_query-to>9</Hsp_query-to>
      <Hsp_hit-from>1</Hsp_hit-from>
      <Hsp_hit-to>7</Hsp_hit-to>
      <Hsp_query-frame>0</Hsp_query-frame>
      <Hsp_hit-frame>0</Hsp_hit-frame>
      <Hsp_identity>3</Hsp_identity>
      <Hsp_positive>4</Hsp_positive>
      <Hsp_gaps>0</Hsp_gaps>
      <Hsp_align-len>7</Hsp_align-len>
      <Hsp_qseq>VLGYWAF</Hsp_qseq>
      <Hsp_hseq>LLGLWGL</Hsp_hseq>
      <Hsp_midline>+LG W  </Hsp_midline>
    </Hsp>
  </Hit_hsps>
</Hit>
</Iteration_hits>
  <Iteration_stat>
    <Statistics>
      <Statistics_db-num>2334</Statistics_db-num>
      <Statistics_db-len>25004</Statistics_db-len>
      <Statistics_hsp-len>0</Statistics_hsp-len>
      <Statistics_eff-space>225036</Statistics_eff-space>
      <Statistics_kappa>0.041</Statistics_kappa>
      <Statistics_lambda>0.267</Statistics_lambda>
      <Statistics_entropy>0.14</Statistics_entropy>
    </Statistics>
  </Iteration_stat>
</Iteration>
<Iteration>
  <Iteration_iter-num>4</Iteration_iter-num>
  <Iteration_query-ID>Query_4</Iteration_query-ID>
  <Iteration_query-def>M_418</Iteration_query-def>
  <Iteration_query-len>9</Iteration_query-len>
<Iteration_hits>
</Iteration_hits>
  <Iteration_stat>
    <Statistics>
      <Statistics_db-num>2334</Statistics_db-num>
      <Statistics_db-len>25004</Statistics_db-len>
      <Statistics_hsp-len>0</Statistics_hsp-len>
      <Statistics_eff-space>225036</Statistics_eff-space>
      <Statistics_kappa>0.041</Statistics_kappa>
      <Statistics_lambda>0.267</Statistics_lambda>
      <Statistics_entropy>0.14</Statistics_entropy>
    </Statistics>
  </Iteration_stat>
  <Iteration_message>No hits found</Iteration_message>
</Iteration>
<Iteration>
  <Iteration_iter-num>5</Iteration_iter-num>
  <Iteration_query-ID>Query_5</Iteration_query-ID>
  <Iteration_query-def>M_419</Iteration_query-def>
  <Iteration_query-len>9</Iteration_query-len>
<Iteration_hits>
</Iteration_hits>
  <Iteration_stat>
    <Statistics>
      <Statistics_db-num>2334</Statistics_db-num>
      <Statistics_db-len>25004</Statistics_db-len>
      <Statistics_hsp-len>0</Statistics_hsp-len>
      <Statistics_eff-space>225036</Statistics_eff-space>
      <Statistics_kappa>0.041</Statistics_kappa>
      <Statistics_lambda>0.267</Statistics_lambda>
      <Statistics_entropy>0.14</Statistics_entropy>
    </Statistics>
  </Iteration_stat>
  <Iteration_message>No hits found</Iteration_message>
</Iteration>
<Iteration>
  <Iteration_iter-num>6</Iteration_iter-num>
  <Iteration_query-ID>Query_6</Iteration_query-ID>
  <Iteration_query-def>M_420</Iteration_query-def>
  <Iteration_query-len>9</Iteration_query-len>
<Iteration_hits>
</Iteration_hits>
  <Iteration_stat>
    <Statistics>
      <Statistics_db-num>2334</Statistics_db-num>
      <Statistics_db-len>25004</Statistics_db-len>
      <Statistics_hsp-len>0</Statistics_hsp-len>
      <Statistics_eff-space>225036</Statistics_eff-space>
      <Statistics_kappa>0.041</Statistics_kappa>
      <Statistics_lambda>0.267</Statistics_lambda>
      <Statistics_entropy>0.14</Statistics_entropy>
    </Statistics>
  </Iteration_stat>
  <Iteration_message>No hits found</Iteration_message>
</Iteration>
<Iteration>
  <Iteration_iter-num>7</Iteration_iter-num>
  <Iteration_query-ID>Query_7</Iteration_query-ID>
  <Iteration_query-def>M_421</Iteration_query-def>
  <Iteration_query-len>9</Iteration_query-len>
<Iteration_hits>
</Iteration_hits>
  <Iteration_stat>
    <Statistics>
      <Statistics_db-num>2334</Statistics_db-num>
      <Statistics_db-len>25004</Statistics_db-len>
      <Statistics_hsp-len>0</Statistics_hsp-len>
      <Statistics_eff-space>225036</Statistics_eff-space>
      <Statistics_kappa>0.041</Statistics_kappa>
      <Statistics_lambda>0.267</Statistics_lambda>
      <Statistics_entropy>0.14</Statistics_entropy>
    </Statistics>
  </Iteration_stat>
  <Iteration_message>No hits found</Iteration_message>
</Iteration>
<Iteration>
  <Iteration_iter-num>8</Iteration_iter-num>
  <Iteration_query-ID>Query_8</Iteration_query-ID>
  <Iteration_query-def>M_422</Iteration_query-def>
  <Iteration_query-len>9</Iteration_query-len>
<Iteration_hits>
</Iteration_hits>
  <Iteration_stat>
    <Statistics>
      <Statistics_db-num>2334</Statistics_db-num>
      <Statistics_db-len>25004</Statistics_db-len>
      <Statistics_hsp-len>0</Statistics_hsp-len>
      <Statistics_eff-space>225036</Statistics_eff-space>
      <Statistics_kappa>0.041</Statistics_kappa>
      <Statistics_lambda>0.267</Statistics_lambda>
      <Statistics_entropy>0.14</Statistics_entropy>
    </Statistics>
  </Iteration_stat>
  <Iteration_message>No hits found</Iteration_message>
</Iteration>
<Iteration>
  <Iteration_iter-num>9</Iteration_iter-num>
  <Iteration_query-ID>Query_9</Iteration_query-ID>
  <Iteration_query-def>M_423</Iteration_query-def>
  <Iteration_query-len>9</Iteration_query-len>
<Iteration_hits>
</Iteration_hits>
  <Iteration_stat>
    <Statistics>
      <Statistics_db-num>2334</Statistics_db-num>
      <Statistics_db-len>25004</Statistics_db-len>
      <Statistics_hsp-len>0</Statistics_hsp-len>
      <Statistics_eff-space>225036</Statistics_eff-space>
      <Statistics_kappa>0.041</Statistics_kappa>
      <Statistics_lambda>0.267</Statistics_lambda>
      <Statistics_entropy>0.14</Statistics_entropy>
    </Statistics>
  </Iteration_stat>
  <Iteration_message>No hits found</Iteration_message>
</Iteration>
<Iteration>
  <Iteration_iter-num>10</Iteration_iter-num>
  <Iteration_query-ID>Query_10</Iteration_query-ID>
  <Iteration_query-def>M_424</Iteration_query-def>
  <Iteration_query-len>9</Iteration_query-len>
<Iteration_hits>
</Iteration_hits>
  <Iteration_stat>
    <Statistics>
      <Statistics_db-num>2334</Statistics_db-num>
      <Statistics_db-len>25004</Statistics_db-len>
      <Statistics_hsp-len>0</Statistics_hsp-len>
      <Statistics_eff-space>225036</Statistics_eff-space>
      <Statistics_kappa>0.041</Statistics_kappa>
      <Statistics_lambda>0.267</Statistics_lambda>
      <Statistics_entropy>0.14</Statistics_entropy>
    </Statistics>
  </Iteration_stat>
  <Iteration_message>No hits found</Iteration_message>
</Iteration>
<Iteration>
  <Iteration_iter-num>11</Iteration_iter-num>
  <Iteration_query-ID>Query_11</Iteration_query-ID>
  <Iteration_query-def>M_425</Iteration_query-def>
  <Iteration_query-len>9</Iteration_query-len>
<Iteration_hits>
</Iteration_hits>
  <Iteration_stat>
    <Statistics>
      <Statistics_db-num>2334</Statistics_db-num>
      <Statistics_db-len>25004</Statistics_db-len>
      <Statistics_hsp-len>0</Statistics_hsp-len>
      <Statistics_eff-space>225036</Statistics_eff-space>
      <Statistics_kappa>0.041</Statistics_kappa>
      <Statistics_lambda>0.267</Statistics_lambda>
      <Statistics_entropy>0.14</Statistics_entropy>
    </Statistics>
  </Iteration_stat>
  <Iteration_message>No hits found</Iteration_message>
</Iteration>
<Iteration>
  <Iteration_iter-num>12</Iteration_iter-num>
  <Iteration_query-ID>Query_12</Iteration_query-ID>
  <Iteration_query-def>M_426</Iteration_query-def>
  <Iteration_query-len>9</Iteration_query-len>
<Iteration_hits>
</Iteration_hits>
  <Iteration_stat>
    <Statistics>
      <Statistics_db-num>2334</Statistics_db-num>
      <Statistics_db-len>25004</Statistics_db-len>
      <Statistics_hsp-len>0</Statistics_hsp-len>
      <Statistics_eff-space>225036</Statistics_eff-space>
      <Statistics_kappa>0.041</Statistics_kappa>
      <Statistics_lambda>0.267</Statistics_lambda>
      <Statistics_entropy>0.14</Statistics_entropy>
    </Statistics>
  </Iteration_stat>
  <Iteration_message>No hits found</Iteration_message>
</Iteration>
<Iteration>
  <Iteration_iter-num>13</Iteration_iter-num>
  <Iteration_query-ID>Query_13</Iteration_query-ID>
  <Iteration_query-def>M_427</Iteration_query-def>
  <Iteration_query-len>9</Iteration_query-len>
<Iteration_hits>
<Hit>
  <Hit_num>1</Hit_num>
  <Hit_id>gnl|BL_ORD_ID|1492</Hit_id>
  <Hit_def>136837|polyprotein precursor|BAA01582.1|Hepatitis C virus|11103</Hit_def>
  <Hit_accession>1492</Hit_accession>
  <Hit_len>11</Hit_len>
  <Hit_hsps>
    <Hsp>
      <Hsp_num>1</Hsp_num>
      <Hsp_bit-score>11.5418</Hsp_bit-score>
      <Hsp_score>18</Hsp_score>
      <Hsp_evalue>156.929</Hsp_evalue>
      <Hsp_query-from>1</Hsp_query-from>
      <Hsp_query-to>9</Hsp_query-to>
      <Hsp_hit-from>1</Hsp_hit-from>
      <Hsp_hit-to>9</Hsp_hit-to>
      <Hsp_query-frame>0</Hsp_query-frame>
      <Hsp_hit-frame>0</Hsp_hit-frame>
      <Hsp_identity>4</Hsp_identity>
      <Hsp_positive>5</Hsp_positive>
      <Hsp_gaps>0</Hsp_gaps>
      <Hsp_align-len>9</Hsp_align-len>
      <Hsp_qseq>FLMVSRDCL</Hsp_qseq>
      <Hsp_hseq>FLLALLSCL</Hsp_hseq>
      <Hsp_midline>FL+    CL</Hsp_midline>
    </Hsp>
  </Hit_hsps>
</Hit>
<Hit>
  <Hit_num>2</Hit_num>
  <Hit_id>gnl|BL_ORD_ID|428</Hit_id>
  <Hit_def>26111|polyprotein|BAD73987.1|Hepatitis C virus subtype 1b|31647</Hit_def>
  <Hit_accession>428</Hit_accession>
  <Hit_len>10</Hit_len>
  <Hit_hsps>
    <Hsp>
      <Hsp_num>1</Hsp_num>
      <Hsp_bit-score>11.5418</Hsp_bit-score>
      <Hsp_score>18</Hsp_score>
      <Hsp_evalue>170.632</Hsp_evalue>
      <Hsp_query-from>1</Hsp_query-from>
      <Hsp_query-to>9</Hsp_query-to>
      <Hsp_hit-from>2</Hsp_hit-from>
      <Hsp_hit-to>10</Hsp_hit-to>
      <Hsp_query-frame>0</Hsp_query-frame>
      <Hsp_hit-frame>0</Hsp_hit-frame>
      <Hsp_identity>4</Hsp_identity>
      <Hsp_positive>5</Hsp_positive>
      <Hsp_gaps>0</Hsp_gaps>
      <Hsp_align-len>9</Hsp_align-len>
      <Hsp_qseq>FLMVSRDCL</Hsp_qseq>
      <Hsp_hseq>FLLALLSCL</Hsp_hseq>
      <Hsp_midline>FL+    CL</Hsp_midline>
    </Hsp>
  </Hit_hsps>
</Hit>
<Hit>
  <Hit_num>3</Hit_num>
  <Hit_id>gnl|BL_ORD_ID|225</Hit_id>
  <Hit_def>16706|structural protein|BAA00705.1|Hepatitis C virus|11103</Hit_def>
  <Hit_accession>225</Hit_accession>
  <Hit_len>9</Hit_len>
  <Hit_hsps>
    <Hsp>
      <Hsp_num>1</Hsp_num>
      <Hsp_bit-score>11.5418</Hsp_bit-score>
      <Hsp_score>18</Hsp_score>
      <Hsp_evalue>187.089</Hsp_evalue>
      <Hsp_query-from>1</Hsp_query-from>
      <Hsp_query-to>9</Hsp_query-to>
      <Hsp_hit-from>1</Hsp_hit-from>
      <Hsp_hit-to>9</Hsp_hit-to>
      <Hsp_query-frame>0</Hsp_query-frame>
      <Hsp_hit-frame>0</Hsp_hit-frame>
      <Hsp_identity>4</Hsp_identity>
      <Hsp_positive>5</Hsp_positive>
      <Hsp_gaps>0</Hsp_gaps>
      <Hsp_align-len>9</Hsp_align-len>
      <Hsp_qseq>FLMVSRDCL</Hsp_qseq>
      <Hsp_hseq>FLLALLSCL</Hsp_hseq>
      <Hsp_midline>FL+    CL</Hsp_midline>
    </Hsp>
  </Hit_hsps>
</Hit>
</Iteration_hits>
  <Iteration_stat>
    <Statistics>
      <Statistics_db-num>2334</Statistics_db-num>
      <Statistics_db-len>25004</Statistics_db-len>
      <Statistics_hsp-len>0</Statistics_hsp-len>
      <Statistics_eff-space>225036</Statistics_eff-space>
      <Statistics_kappa>0.041</Statistics_kappa>
      <Statistics_lambda>0.267</Statistics_lambda>
      <Statistics_entropy>0.14</Statistics_entropy>
    </Statistics>
  </Iteration_stat>
</Iteration>
<Iteration>
  <Iteration_iter-num>14</Iteration_iter-num>
  <Iteration_query-ID>Query_14</Iteration_query-ID>
  <Iteration_query-def>M_428</Iteration_query-def>
  <Iteration_query-len>9</Iteration_query-len>
<Iteration_hits>
</Iteration_hits>
  <Iteration_stat>
    <Statistics>
      <Statistics_db-num>2334</Statistics_db-num>
      <Statistics_db-len>25004</Statistics_db-len>
      <Statistics_hsp-len>0</Statistics_hsp-len>
      <Statistics_eff-space>225036</Statistics_eff-space>
      <Statistics_kappa>0.041</Statistics_kappa>
      <Statistics_lambda>0.267</Statistics_lambda>
      <Statistics_entropy>0.14</Statistics_entropy>
    </Statistics>
  </Iteration_stat>
  <Iteration_message>No hits found</Iteration_message>
</Iteration>
<Iteration>
  <Iteration_iter-num>15</Iteration_iter-num>
  <Iteration_query-ID>Query_15</Iteration_query-ID>
  <Iteration_query-def>M_429</Iteration_query-def>
  <Iteration_query-len>9</Iteration_query-len>
<Iteration_hits>
</Iteration_hits>
  <Iteration_stat>
    <Statistics>
      <Statistics_db-num>2334</Statistics_db-num>
      <Statistics_db-len>25004</Statistics_db-len>
      <Statistics_hsp-len>0</Statistics_hsp-len>
      <Statistics_eff-space>225036</Statistics_eff-space>
      <Statistics_kappa>0.041</Statistics_kappa>
      <Statistics_lambda>0.267</Statistics_lambda>
      <Statistics_entropy>0.14</Statistics_entropy>
    </Statistics>
  </Iteration_stat>
  <Iteration_message>No hits found</Iteration_message>
</Iteration>
<Iteration>
  <Iteration_iter-num>16</Iteration_iter-num>
  <Iteration_query-ID>Query_16</Iteration_query-ID>
  <Iteration_query-def>M_430</Iteration_query-def>
  <Iteration_query-len>9</Iteration_query-len>
<Iteration_hits>
</Iteration_hits>
  <Iteration_stat>
    <Statistics>
      <Statistics_db-num>2334</Statistics_db-num>
      <Statistics_db-len>25004</Statistics_db-len>
      <Statistics_hsp-len>0</Statistics_hsp-len>
      <Statistics_eff-space>225036</Statistics_eff-space>
      <Statistics_kappa>0.041</Statistics_kappa>
      <Statistics_lambda>0.267</Statistics_lambda>
      <Statistics_entropy>0.14</Statistics_entropy>
    </Statistics>
  </Iteration_stat>
  <Iteration_message>No hits found</Iteration_message>
</Iteration>
<Iteration>
  <Iteration_iter-num>17</Iteration_iter-num>
  <Iteration_query-ID>Query_17</Iteration_query-ID>
  <Iteration_query-def>M_431</Iteration_query-def>
  <Iteration_query-len>9</Iteration_query-len>
<Iteration_hits>
</Iteration_hits>
  <Iteration_stat>
    <Statistics>
      <Statistics_db-num>2334</Statistics_db-num>
      <Statistics_db-len>25004</Statistics_db-len>
      <Statistics_hsp-len>0</Statistics_hsp-len>
      <Statistics_eff-space>225036</Statistics_eff-space>
      <Statistics_kappa>0.041</Statistics_kappa>
      <Statistics_lambda>0.267</Statistics_lambda>
      <Statistics_entropy>0.14</Statistics_entropy>
    </Statistics>
  </Iteration_stat>
  <Iteration_message>No hits found</Iteration_message>
</Iteration>
<Iteration>
  <Iteration_iter-num>18</Iteration_iter-num>
  <Iteration_query-ID>Query_18</Iteration_query-ID>
  <Iteration_query-def>M_432</Iteration_query-def>
  <Iteration_query-len>9</Iteration_query-len>
<Iteration_hits>
</Iteration_hits>
  <Iteration_stat>
    <Statistics>
      <Statistics_db-num>2334</Statistics_db-num>
      <Statistics_db-len>25004</Statistics_db-len>
      <Statistics_hsp-len>0</Statistics_hsp-len>
      <Statistics_eff-space>225036</Statistics_eff-space>
      <Statistics_kappa>0.041</Statistics_kappa>
      <Statistics_lambda>0.267</Statistics_lambda>
      <Statistics_entropy>0.14</Statistics_entropy>
    </Statistics>
  </Iteration_stat>
  <Iteration_message>No hits found</Iteration_message>
</Iteration>
<Iteration>
  <Iteration_iter-num>19</Iteration_iter-num>
  <Iteration_query-ID>Query_19</Iteration_query-ID>
  <Iteration_query-def>M_433</Iteration_query-def>
  <Iteration_query-len>9</Iteration_query-len>
<Iteration_hits>
</Iteration_hits>
  <Iteration_stat>
    <Statistics>
      <Statistics_db-num>2334</Statistics_db-num>
      <Statistics_db-len>25004</Statistics_db-len>
      <Statistics_hsp-len>0</Statistics_hsp-len>
      <Statistics_eff-space>225036</Statistics_eff-space>
      <Statistics_kappa>0.041</Statistics_kappa>
      <Statistics_lambda>0.267</Statistics_lambda>
      <Statistics_entropy>0.14</Statistics_entropy>
    </Statistics>
  </Iteration_stat>
  <Iteration_message>No hits found</Iteration_message>
</Iteration>
<Iteration>
  <Iteration_iter-num>20</Iteration_iter-num>
  <Iteration_query-ID>Query_20</Iteration_query-ID>
  <Iteration_query-def>M_434</Iteration_query-def>
  <Iteration_query-len>9</Iteration_query-len>
<Iteration_hits>
</Iteration_hits>
  <Iteration_stat>
    <Statistics>
      <Statistics_db-num>2334</Statistics_db-num>
      <Statistics_db-len>25004</Statistics_db-len>
      <Statistics_hsp-len>0</Statistics_hsp-len>
      <Statistics_eff-space>225036</Statistics_eff-space>
      <Statistics_kappa>0.041</Statistics_kappa>
      <Statistics_lambda>0.267</Statistics_lambda>
      <Statistics_entropy>0.14</Statistics_entropy>
    </Statistics>
  </Iteration_stat>
  <Iteration_message>No hits found</Iteration_message>
</Iteration>
<Iteration>
  <Iteration_iter-num>21</Iteration_iter-num>
  <Iteration_query-ID>Query_21</Iteration_query-ID>
  <Iteration_query-def>M_435</Iteration_query-def>
  <Iteration_query-len>9</Iteration_query-len>
<Iteration_hits>
</Iteration_hits>
  <Iteration_stat>
    <Statistics>
      <Statistics_db-num>2334</Statistics_db-num>
      <Statistics_db-len>25004</Statistics_db-len>
      <Statistics_hsp-len>0</Statistics_hsp-len>
      <Statistics_eff-space>225036</Statistics_eff-space>
      <Statistics_kappa>0.041</Statistics_kappa>
      <Statistics_lambda>0.267</Statistics_lambda>
      <Statistics_entropy>0.14</Statistics_entropy>
    </Statistics>
  </Iteration_stat>
  <Iteration_message>No hits found</Iteration_message>
</Iteration>
<Iteration>
  <Iteration_iter-num>22</Iteration_iter-num>
  <Iteration_query-ID>Query_22</Iteration_query-ID>
  <Iteration_query-def>M_436</Iteration_query-def>
  <Iteration_query-len>9</Iteration_query-len>
<Iteration_hits>
</Iteration_hits>
  <Iteration_stat>
    <Statistics>
      <Statistics_db-num>2334</Statistics_db-num>
      <Statistics_db-len>25004</Statistics_db-len>
      <Statistics_hsp-len>0</Statistics_hsp-len>
      <Statistics_eff-space>225036</Statistics_eff-space>
      <Statistics_kappa>0.041</Statistics_kappa>
      <Statistics_lambda>0.267</Statistics_lambda>
      <Statistics_entropy>0.14</Statistics_entropy>
    </Statistics>
  </Iteration_stat>
  <Iteration_message>No hits found</Iteration_message>
</Iteration>
<Iteration>
  <Iteration_iter-num>23</Iteration_iter-num>
  <Iteration_query-ID>Query_23</Iteration_query-ID>
  <Iteration_query-def>M_437</Iteration_query-def>
  <Iteration_query-len>9</Iteration_query-len>
<Iteration_hits>
</Iteration_hits>
  <Iteration_stat>
    <Statistics>
      <Statistics_db-num>2334</Statistics_db-num>
      <Statistics_db-len>25004</Statistics_db-len>
      <Statistics_hsp-len>0</Statistics_hsp-len>
      <Statistics_eff-space>225036</Statistics_eff-space>
      <Statistics_kappa>0.041</Statistics_kappa>
      <Statistics_lambda>0.267</Statistics_lambda>
      <Statistics_entropy>0.14</Statistics_entropy>
    </Statistics>
  </Iteration_stat>
  <Iteration_message>No hits found</Iteration_message>
</Iteration>
<Iteration>
  <Iteration_iter-num>24</Iteration_iter-num>
  <Iteration_query-ID>Query_24</Iteration_query-ID>
  <Iteration_query-def>M_438</Iteration_query-def>
  <Iteration_query-len>9</Iteration_query-len>
<Iteration_hits>
</Iteration_hits>
  <Iteration_stat>
    <Statistics>
      <Statistics_db-num>2334</Statistics_db-num>
      <Statistics_db-len>25004</Statistics_db-len>
      <Statistics_hsp-len>0</Statistics_hsp-len>
      <Statistics_eff-space>225036</Statistics_eff-space>
      <Statistics_kappa>0.041</Statistics_kappa>
      <Statistics_lambda>0.267</Statistics_lambda>
      <Statistics_entropy>0.14</Statistics_entropy>
    </Statistics>
  </Iteration_stat>
  <Iteration_message>No hits found</Iteration_message>
</Iteration>
<Iteration>
  <Iteration_iter-num>25</Iteration_iter-num>
  <Iteration_query-ID>Query_25</Iteration_query-ID>
  <Iteration_query-def>M_439</Iteration_query-def>
  <Iteration_query-len>9</Iteration_query-len>
<Iteration_hits>
</Iteration_hits>
  <Iteration_stat>
    <Statistics>
      <Statistics_db-num>2334</Statistics_db-num>
      <Statistics_db-len>25004</Statistics_db-len>
      <Statistics_hsp-len>0</Statistics_hsp-len>
      <Statistics_eff-space>225036</Statistics_eff-space>
      <Statistics_kappa>0.041</Statistics_kappa>
      <Statistics_lambda>0.267</Statistics_lambda>
      <Statistics_entropy>0.14</Statistics_entropy>
    </Statistics>
  </Iteration_stat>
  <Iteration_message>No hits found</Iteration_message>
</Iteration>
<Iteration>
  <Iteration_iter-num>26</Iteration_iter-num>
  <Iteration_query-ID>Query_26</Iteration_query-ID>
  <Iteration_query-def>M_440</Iteration_query-def>
  <Iteration_query-len>9</Iteration_query-len>
<Iteration_hits>
</Iteration_hits>
  <Iteration_stat>
    <Statistics>
      <Statistics_db-num>2334</Statistics_db-num>
      <Statistics_db-len>25004</Statistics_db-len>
      <Statistics_hsp-len>0</Statistics_hsp-len>
      <Statistics_eff-space>225036</Statistics_eff-space>
      <Statistics_kappa>0.041</Statistics_kappa>
      <Statistics_lambda>0.267</Statistics_lambda>
      <Statistics_entropy>0.14</Statistics_entropy>
    </Statistics>
  </Iteration_stat>
  <Iteration_message>No hits found</Iteration_message>
</Iteration>
<Iteration>
  <Iteration_iter-num>27</Iteration_iter-num>
  <Iteration_query-ID>Query_27</Iteration_query-ID>
  <Iteration_query-def>M_441</Iteration_query-def>
  <Iteration_query-len>9</Iteration_query-len>
<Iteration_hits>
</Iteration_hits>
  <Iteration_stat>
    <Statistics>
      <Statistics_db-num>2334</Statistics_db-num>
      <Statistics_db-len>25004</Statistics_db-len>
      <Statistics_hsp-len>0</Statistics_hsp-len>
      <Statistics_eff-space>225036</Statistics_eff-space>
      <Statistics_kappa>0.041</Statistics_kappa>
      <Statistics_lambda>0.267</Statistics_lambda>
      <Statistics_entropy>0.14</Statistics_entropy>
    </Statistics>
  </Iteration_stat>
  <Iteration_message>No hits found</Iteration_message>
</Iteration>
<Iteration>
  <Iteration_iter-num>28</Iteration_iter-num>
  <Iteration_query-ID>Query_28</Iteration_query-ID>
  <Iteration_query-def>M_442</Iteration_query-def>
  <Iteration_query-len>9</Iteration_query-len>
<Iteration_hits>
</Iteration_hits>
  <Iteration_stat>
    <Statistics>
      <Statistics_db-num>2334</Statistics_db-num>
      <Statistics_db-len>25004</Statistics_db-len>
      <Statistics_hsp-len>0</Statistics_hsp-len>
      <Statistics_eff-space>225036</Statistics_eff-space>
      <Statistics_kappa>0.041</Statistics_kappa>
      <Statistics_lambda>0.267</Statistics_lambda>
      <Statistics_entropy>0.14</Statistics_entropy>
    </Statistics>
  </Iteration_stat>
  <Iteration_message>No hits found</Iteration_message>
</Iteration>
</BlastOutput_iterations>
</BlastOutput>

