<?xml version="1.0"?>
<!DOCTYPE BlastOutput PUBLIC "-//NCBI//NCBI BlastOutput/EN" "http://www.ncbi.nlm.nih.gov/dtd/NCBI_BlastOutput.dtd">
<BlastOutput>
  <BlastOutput_program>blastp</BlastOutput_program>
  <BlastOutput_version>BLASTP 2.2.30+</BlastOutput_version>
  <BlastOutput_reference>Stephen F. Altschul, Thomas L. Madden, Alejandro A. Sch&amp;auml;ffer, Jinghui Zhang, Zheng Zhang, Webb Miller, and David J. Lipman (1997), &quot;Gapped BLAST and PSI-BLAST: a new generation of protein database search programs&quot;, Nucleic Acids Res. 25:3389-3402.</BlastOutput_reference>
  <BlastOutput_db>/Users/mluksza/Dropbox/CancerLocal//enemy/iedb_2016//iedb.fasta</BlastOutput_db>
  <BlastOutput_query-ID>Query_1</BlastOutput_query-ID>
  <BlastOutput_query-def>M_1946</BlastOutput_query-def>
  <BlastOutput_query-len>9</BlastOutput_query-len>
  <BlastOutput_param>
    <Parameters>
      <Parameters_matrix>BLOSUM62</Parameters_matrix>
      <Parameters_expect>100000000</Parameters_expect>
      <Parameters_gap-open>11</Parameters_gap-open>
      <Parameters_gap-extend>1</Parameters_gap-extend>
      <Parameters_filter>F</Parameters_filter>
    </Parameters>
  </BlastOutput_param>
<BlastOutput_iterations>
<Iteration>
  <Iteration_iter-num>1</Iteration_iter-num>
  <Iteration_query-ID>Query_1</Iteration_query-ID>
  <Iteration_query-def>M_1946</Iteration_query-def>
  <Iteration_query-len>9</Iteration_query-len>
<Iteration_hits>
</Iteration_hits>
  <Iteration_stat>
    <Statistics>
      <Statistics_db-num>2334</Statistics_db-num>
      <Statistics_db-len>25004</Statistics_db-len>
      <Statistics_hsp-len>0</Statistics_hsp-len>
      <Statistics_eff-space>225036</Statistics_eff-space>
      <Statistics_kappa>0.041</Statistics_kappa>
      <Statistics_lambda>0.267</Statistics_lambda>
      <Statistics_entropy>0.14</Statistics_entropy>
    </Statistics>
  </Iteration_stat>
  <Iteration_message>No hits found</Iteration_message>
</Iteration>
<Iteration>
  <Iteration_iter-num>2</Iteration_iter-num>
  <Iteration_query-ID>Query_2</Iteration_query-ID>
  <Iteration_query-def>M_1947</Iteration_query-def>
  <Iteration_query-len>9</Iteration_query-len>
<Iteration_hits>
</Iteration_hits>
  <Iteration_stat>
    <Statistics>
      <Statistics_db-num>2334</Statistics_db-num>
      <Statistics_db-len>25004</Statistics_db-len>
      <Statistics_hsp-len>0</Statistics_hsp-len>
      <Statistics_eff-space>225036</Statistics_eff-space>
      <Statistics_kappa>0.041</Statistics_kappa>
      <Statistics_lambda>0.267</Statistics_lambda>
      <Statistics_entropy>0.14</Statistics_entropy>
    </Statistics>
  </Iteration_stat>
  <Iteration_message>No hits found</Iteration_message>
</Iteration>
<Iteration>
  <Iteration_iter-num>3</Iteration_iter-num>
  <Iteration_query-ID>Query_3</Iteration_query-ID>
  <Iteration_query-def>M_1948</Iteration_query-def>
  <Iteration_query-len>9</Iteration_query-len>
<Iteration_hits>
</Iteration_hits>
  <Iteration_stat>
    <Statistics>
      <Statistics_db-num>2334</Statistics_db-num>
      <Statistics_db-len>25004</Statistics_db-len>
      <Statistics_hsp-len>0</Statistics_hsp-len>
      <Statistics_eff-space>225036</Statistics_eff-space>
      <Statistics_kappa>0.041</Statistics_kappa>
      <Statistics_lambda>0.267</Statistics_lambda>
      <Statistics_entropy>0.14</Statistics_entropy>
    </Statistics>
  </Iteration_stat>
  <Iteration_message>No hits found</Iteration_message>
</Iteration>
<Iteration>
  <Iteration_iter-num>4</Iteration_iter-num>
  <Iteration_query-ID>Query_4</Iteration_query-ID>
  <Iteration_query-def>M_1949</Iteration_query-def>
  <Iteration_query-len>9</Iteration_query-len>
<Iteration_hits>
</Iteration_hits>
  <Iteration_stat>
    <Statistics>
      <Statistics_db-num>2334</Statistics_db-num>
      <Statistics_db-len>25004</Statistics_db-len>
      <Statistics_hsp-len>0</Statistics_hsp-len>
      <Statistics_eff-space>225036</Statistics_eff-space>
      <Statistics_kappa>0.041</Statistics_kappa>
      <Statistics_lambda>0.267</Statistics_lambda>
      <Statistics_entropy>0.14</Statistics_entropy>
    </Statistics>
  </Iteration_stat>
  <Iteration_message>No hits found</Iteration_message>
</Iteration>
<Iteration>
  <Iteration_iter-num>5</Iteration_iter-num>
  <Iteration_query-ID>Query_5</Iteration_query-ID>
  <Iteration_query-def>M_1950</Iteration_query-def>
  <Iteration_query-len>9</Iteration_query-len>
<Iteration_hits>
</Iteration_hits>
  <Iteration_stat>
    <Statistics>
      <Statistics_db-num>2334</Statistics_db-num>
      <Statistics_db-len>25004</Statistics_db-len>
      <Statistics_hsp-len>0</Statistics_hsp-len>
      <Statistics_eff-space>225036</Statistics_eff-space>
      <Statistics_kappa>0.041</Statistics_kappa>
      <Statistics_lambda>0.267</Statistics_lambda>
      <Statistics_entropy>0.14</Statistics_entropy>
    </Statistics>
  </Iteration_stat>
  <Iteration_message>No hits found</Iteration_message>
</Iteration>
<Iteration>
  <Iteration_iter-num>6</Iteration_iter-num>
  <Iteration_query-ID>Query_6</Iteration_query-ID>
  <Iteration_query-def>M_1951</Iteration_query-def>
  <Iteration_query-len>9</Iteration_query-len>
<Iteration_hits>
</Iteration_hits>
  <Iteration_stat>
    <Statistics>
      <Statistics_db-num>2334</Statistics_db-num>
      <Statistics_db-len>25004</Statistics_db-len>
      <Statistics_hsp-len>0</Statistics_hsp-len>
      <Statistics_eff-space>225036</Statistics_eff-space>
      <Statistics_kappa>0.041</Statistics_kappa>
      <Statistics_lambda>0.267</Statistics_lambda>
      <Statistics_entropy>0.14</Statistics_entropy>
    </Statistics>
  </Iteration_stat>
  <Iteration_message>No hits found</Iteration_message>
</Iteration>
<Iteration>
  <Iteration_iter-num>7</Iteration_iter-num>
  <Iteration_query-ID>Query_7</Iteration_query-ID>
  <Iteration_query-def>M_1952</Iteration_query-def>
  <Iteration_query-len>9</Iteration_query-len>
<Iteration_hits>
</Iteration_hits>
  <Iteration_stat>
    <Statistics>
      <Statistics_db-num>2334</Statistics_db-num>
      <Statistics_db-len>25004</Statistics_db-len>
      <Statistics_hsp-len>0</Statistics_hsp-len>
      <Statistics_eff-space>225036</Statistics_eff-space>
      <Statistics_kappa>0.041</Statistics_kappa>
      <Statistics_lambda>0.267</Statistics_lambda>
      <Statistics_entropy>0.14</Statistics_entropy>
    </Statistics>
  </Iteration_stat>
  <Iteration_message>No hits found</Iteration_message>
</Iteration>
<Iteration>
  <Iteration_iter-num>8</Iteration_iter-num>
  <Iteration_query-ID>Query_8</Iteration_query-ID>
  <Iteration_query-def>M_1953</Iteration_query-def>
  <Iteration_query-len>9</Iteration_query-len>
<Iteration_hits>
</Iteration_hits>
  <Iteration_stat>
    <Statistics>
      <Statistics_db-num>2334</Statistics_db-num>
      <Statistics_db-len>25004</Statistics_db-len>
      <Statistics_hsp-len>0</Statistics_hsp-len>
      <Statistics_eff-space>225036</Statistics_eff-space>
      <Statistics_kappa>0.041</Statistics_kappa>
      <Statistics_lambda>0.267</Statistics_lambda>
      <Statistics_entropy>0.14</Statistics_entropy>
    </Statistics>
  </Iteration_stat>
  <Iteration_message>No hits found</Iteration_message>
</Iteration>
<Iteration>
  <Iteration_iter-num>9</Iteration_iter-num>
  <Iteration_query-ID>Query_9</Iteration_query-ID>
  <Iteration_query-def>M_1954</Iteration_query-def>
  <Iteration_query-len>9</Iteration_query-len>
<Iteration_hits>
<Hit>
  <Hit_num>1</Hit_num>
  <Hit_id>gnl|BL_ORD_ID|889</Hit_id>
  <Hit_def>58463|HCMVUL83|CAA35357.1|Human betaherpesvirus 5|10359</Hit_def>
  <Hit_accession>889</Hit_accession>
  <Hit_len>20</Hit_len>
  <Hit_hsps>
    <Hsp>
      <Hsp_num>1</Hsp_num>
      <Hsp_bit-score>13.0826</Hsp_bit-score>
      <Hsp_score>22</Hsp_score>
      <Hsp_evalue>16.1327</Hsp_evalue>
      <Hsp_query-from>1</Hsp_query-from>
      <Hsp_query-to>7</Hsp_query-to>
      <Hsp_hit-from>3</Hsp_hit-from>
      <Hsp_hit-to>9</Hsp_hit-to>
      <Hsp_query-frame>0</Hsp_query-frame>
      <Hsp_hit-frame>0</Hsp_hit-frame>
      <Hsp_identity>4</Hsp_identity>
      <Hsp_positive>5</Hsp_positive>
      <Hsp_gaps>0</Hsp_gaps>
      <Hsp_align-len>7</Hsp_align-len>
      <Hsp_qseq>APAQPPM</Hsp_qseq>
      <Hsp_hseq>CPSQEPM</Hsp_hseq>
      <Hsp_midline> P+Q PM</Hsp_midline>
    </Hsp>
  </Hit_hsps>
</Hit>
<Hit>
  <Hit_num>2</Hit_num>
  <Hit_id>gnl|BL_ORD_ID|749</Hit_id>
  <Hit_def>49485|HCMVUL83|CAA35357.1|Human betaherpesvirus 5|10359</Hit_def>
  <Hit_accession>749</Hit_accession>
  <Hit_len>11</Hit_len>
  <Hit_hsps>
    <Hsp>
      <Hsp_num>1</Hsp_num>
      <Hsp_bit-score>13.0826</Hsp_bit-score>
      <Hsp_score>22</Hsp_score>
      <Hsp_evalue>16.8999</Hsp_evalue>
      <Hsp_query-from>2</Hsp_query-from>
      <Hsp_query-to>7</Hsp_query-to>
      <Hsp_hit-from>1</Hsp_hit-from>
      <Hsp_hit-to>6</Hsp_hit-to>
      <Hsp_query-frame>0</Hsp_query-frame>
      <Hsp_hit-frame>0</Hsp_hit-frame>
      <Hsp_identity>4</Hsp_identity>
      <Hsp_positive>5</Hsp_positive>
      <Hsp_gaps>0</Hsp_gaps>
      <Hsp_align-len>6</Hsp_align-len>
      <Hsp_qseq>PAQPPM</Hsp_qseq>
      <Hsp_hseq>PSQEPM</Hsp_hseq>
      <Hsp_midline>P+Q PM</Hsp_midline>
    </Hsp>
  </Hit_hsps>
</Hit>
</Iteration_hits>
  <Iteration_stat>
    <Statistics>
      <Statistics_db-num>2334</Statistics_db-num>
      <Statistics_db-len>25004</Statistics_db-len>
      <Statistics_hsp-len>0</Statistics_hsp-len>
      <Statistics_eff-space>225036</Statistics_eff-space>
      <Statistics_kappa>0.041</Statistics_kappa>
      <Statistics_lambda>0.267</Statistics_lambda>
      <Statistics_entropy>0.14</Statistics_entropy>
    </Statistics>
  </Iteration_stat>
</Iteration>
<Iteration>
  <Iteration_iter-num>10</Iteration_iter-num>
  <Iteration_query-ID>Query_10</Iteration_query-ID>
  <Iteration_query-def>M_1955</Iteration_query-def>
  <Iteration_query-len>9</Iteration_query-len>
<Iteration_hits>
</Iteration_hits>
  <Iteration_stat>
    <Statistics>
      <Statistics_db-num>2334</Statistics_db-num>
      <Statistics_db-len>25004</Statistics_db-len>
      <Statistics_hsp-len>0</Statistics_hsp-len>
      <Statistics_eff-space>225036</Statistics_eff-space>
      <Statistics_kappa>0.041</Statistics_kappa>
      <Statistics_lambda>0.267</Statistics_lambda>
      <Statistics_entropy>0.14</Statistics_entropy>
    </Statistics>
  </Iteration_stat>
  <Iteration_message>No hits found</Iteration_message>
</Iteration>
<Iteration>
  <Iteration_iter-num>11</Iteration_iter-num>
  <Iteration_query-ID>Query_11</Iteration_query-ID>
  <Iteration_query-def>M_1956</Iteration_query-def>
  <Iteration_query-len>9</Iteration_query-len>
<Iteration_hits>
</Iteration_hits>
  <Iteration_stat>
    <Statistics>
      <Statistics_db-num>2334</Statistics_db-num>
      <Statistics_db-len>25004</Statistics_db-len>
      <Statistics_hsp-len>0</Statistics_hsp-len>
      <Statistics_eff-space>225036</Statistics_eff-space>
      <Statistics_kappa>0.041</Statistics_kappa>
      <Statistics_lambda>0.267</Statistics_lambda>
      <Statistics_entropy>0.14</Statistics_entropy>
    </Statistics>
  </Iteration_stat>
  <Iteration_message>No hits found</Iteration_message>
</Iteration>
<Iteration>
  <Iteration_iter-num>12</Iteration_iter-num>
  <Iteration_query-ID>Query_12</Iteration_query-ID>
  <Iteration_query-def>M_1957</Iteration_query-def>
  <Iteration_query-len>9</Iteration_query-len>
<Iteration_hits>
</Iteration_hits>
  <Iteration_stat>
    <Statistics>
      <Statistics_db-num>2334</Statistics_db-num>
      <Statistics_db-len>25004</Statistics_db-len>
      <Statistics_hsp-len>0</Statistics_hsp-len>
      <Statistics_eff-space>225036</Statistics_eff-space>
      <Statistics_kappa>0.041</Statistics_kappa>
      <Statistics_lambda>0.267</Statistics_lambda>
      <Statistics_entropy>0.14</Statistics_entropy>
    </Statistics>
  </Iteration_stat>
  <Iteration_message>No hits found</Iteration_message>
</Iteration>
<Iteration>
  <Iteration_iter-num>13</Iteration_iter-num>
  <Iteration_query-ID>Query_13</Iteration_query-ID>
  <Iteration_query-def>M_1958</Iteration_query-def>
  <Iteration_query-len>9</Iteration_query-len>
<Iteration_hits>
</Iteration_hits>
  <Iteration_stat>
    <Statistics>
      <Statistics_db-num>2334</Statistics_db-num>
      <Statistics_db-len>25004</Statistics_db-len>
      <Statistics_hsp-len>0</Statistics_hsp-len>
      <Statistics_eff-space>225036</Statistics_eff-space>
      <Statistics_kappa>0.041</Statistics_kappa>
      <Statistics_lambda>0.267</Statistics_lambda>
      <Statistics_entropy>0.14</Statistics_entropy>
    </Statistics>
  </Iteration_stat>
  <Iteration_message>No hits found</Iteration_message>
</Iteration>
<Iteration>
  <Iteration_iter-num>14</Iteration_iter-num>
  <Iteration_query-ID>Query_14</Iteration_query-ID>
  <Iteration_query-def>M_1959</Iteration_query-def>
  <Iteration_query-len>9</Iteration_query-len>
<Iteration_hits>
</Iteration_hits>
  <Iteration_stat>
    <Statistics>
      <Statistics_db-num>2334</Statistics_db-num>
      <Statistics_db-len>25004</Statistics_db-len>
      <Statistics_hsp-len>0</Statistics_hsp-len>
      <Statistics_eff-space>225036</Statistics_eff-space>
      <Statistics_kappa>0.041</Statistics_kappa>
      <Statistics_lambda>0.267</Statistics_lambda>
      <Statistics_entropy>0.14</Statistics_entropy>
    </Statistics>
  </Iteration_stat>
  <Iteration_message>No hits found</Iteration_message>
</Iteration>
<Iteration>
  <Iteration_iter-num>15</Iteration_iter-num>
  <Iteration_query-ID>Query_15</Iteration_query-ID>
  <Iteration_query-def>M_1960</Iteration_query-def>
  <Iteration_query-len>9</Iteration_query-len>
<Iteration_hits>
</Iteration_hits>
  <Iteration_stat>
    <Statistics>
      <Statistics_db-num>2334</Statistics_db-num>
      <Statistics_db-len>25004</Statistics_db-len>
      <Statistics_hsp-len>0</Statistics_hsp-len>
      <Statistics_eff-space>225036</Statistics_eff-space>
      <Statistics_kappa>0.041</Statistics_kappa>
      <Statistics_lambda>0.267</Statistics_lambda>
      <Statistics_entropy>0.14</Statistics_entropy>
    </Statistics>
  </Iteration_stat>
  <Iteration_message>No hits found</Iteration_message>
</Iteration>
<Iteration>
  <Iteration_iter-num>16</Iteration_iter-num>
  <Iteration_query-ID>Query_16</Iteration_query-ID>
  <Iteration_query-def>M_1961</Iteration_query-def>
  <Iteration_query-len>9</Iteration_query-len>
<Iteration_hits>
</Iteration_hits>
  <Iteration_stat>
    <Statistics>
      <Statistics_db-num>2334</Statistics_db-num>
      <Statistics_db-len>25004</Statistics_db-len>
      <Statistics_hsp-len>0</Statistics_hsp-len>
      <Statistics_eff-space>225036</Statistics_eff-space>
      <Statistics_kappa>0.041</Statistics_kappa>
      <Statistics_lambda>0.267</Statistics_lambda>
      <Statistics_entropy>0.14</Statistics_entropy>
    </Statistics>
  </Iteration_stat>
  <Iteration_message>No hits found</Iteration_message>
</Iteration>
<Iteration>
  <Iteration_iter-num>17</Iteration_iter-num>
  <Iteration_query-ID>Query_17</Iteration_query-ID>
  <Iteration_query-def>M_1962</Iteration_query-def>
  <Iteration_query-len>9</Iteration_query-len>
<Iteration_hits>
</Iteration_hits>
  <Iteration_stat>
    <Statistics>
      <Statistics_db-num>2334</Statistics_db-num>
      <Statistics_db-len>25004</Statistics_db-len>
      <Statistics_hsp-len>0</Statistics_hsp-len>
      <Statistics_eff-space>225036</Statistics_eff-space>
      <Statistics_kappa>0.041</Statistics_kappa>
      <Statistics_lambda>0.267</Statistics_lambda>
      <Statistics_entropy>0.14</Statistics_entropy>
    </Statistics>
  </Iteration_stat>
  <Iteration_message>No hits found</Iteration_message>
</Iteration>
<Iteration>
  <Iteration_iter-num>18</Iteration_iter-num>
  <Iteration_query-ID>Query_18</Iteration_query-ID>
  <Iteration_query-def>M_1963</Iteration_query-def>
  <Iteration_query-len>9</Iteration_query-len>
<Iteration_hits>
</Iteration_hits>
  <Iteration_stat>
    <Statistics>
      <Statistics_db-num>2334</Statistics_db-num>
      <Statistics_db-len>25004</Statistics_db-len>
      <Statistics_hsp-len>0</Statistics_hsp-len>
      <Statistics_eff-space>225036</Statistics_eff-space>
      <Statistics_kappa>0.041</Statistics_kappa>
      <Statistics_lambda>0.267</Statistics_lambda>
      <Statistics_entropy>0.14</Statistics_entropy>
    </Statistics>
  </Iteration_stat>
  <Iteration_message>No hits found</Iteration_message>
</Iteration>
<Iteration>
  <Iteration_iter-num>19</Iteration_iter-num>
  <Iteration_query-ID>Query_19</Iteration_query-ID>
  <Iteration_query-def>M_1964</Iteration_query-def>
  <Iteration_query-len>9</Iteration_query-len>
<Iteration_hits>
</Iteration_hits>
  <Iteration_stat>
    <Statistics>
      <Statistics_db-num>2334</Statistics_db-num>
      <Statistics_db-len>25004</Statistics_db-len>
      <Statistics_hsp-len>0</Statistics_hsp-len>
      <Statistics_eff-space>225036</Statistics_eff-space>
      <Statistics_kappa>0.041</Statistics_kappa>
      <Statistics_lambda>0.267</Statistics_lambda>
      <Statistics_entropy>0.14</Statistics_entropy>
    </Statistics>
  </Iteration_stat>
  <Iteration_message>No hits found</Iteration_message>
</Iteration>
<Iteration>
  <Iteration_iter-num>20</Iteration_iter-num>
  <Iteration_query-ID>Query_20</Iteration_query-ID>
  <Iteration_query-def>M_1965</Iteration_query-def>
  <Iteration_query-len>9</Iteration_query-len>
<Iteration_hits>
</Iteration_hits>
  <Iteration_stat>
    <Statistics>
      <Statistics_db-num>2334</Statistics_db-num>
      <Statistics_db-len>25004</Statistics_db-len>
      <Statistics_hsp-len>0</Statistics_hsp-len>
      <Statistics_eff-space>225036</Statistics_eff-space>
      <Statistics_kappa>0.041</Statistics_kappa>
      <Statistics_lambda>0.267</Statistics_lambda>
      <Statistics_entropy>0.14</Statistics_entropy>
    </Statistics>
  </Iteration_stat>
  <Iteration_message>No hits found</Iteration_message>
</Iteration>
<Iteration>
  <Iteration_iter-num>21</Iteration_iter-num>
  <Iteration_query-ID>Query_21</Iteration_query-ID>
  <Iteration_query-def>M_1966</Iteration_query-def>
  <Iteration_query-len>9</Iteration_query-len>
<Iteration_hits>
</Iteration_hits>
  <Iteration_stat>
    <Statistics>
      <Statistics_db-num>2334</Statistics_db-num>
      <Statistics_db-len>25004</Statistics_db-len>
      <Statistics_hsp-len>0</Statistics_hsp-len>
      <Statistics_eff-space>225036</Statistics_eff-space>
      <Statistics_kappa>0.041</Statistics_kappa>
      <Statistics_lambda>0.267</Statistics_lambda>
      <Statistics_entropy>0.14</Statistics_entropy>
    </Statistics>
  </Iteration_stat>
  <Iteration_message>No hits found</Iteration_message>
</Iteration>
<Iteration>
  <Iteration_iter-num>22</Iteration_iter-num>
  <Iteration_query-ID>Query_22</Iteration_query-ID>
  <Iteration_query-def>M_1967</Iteration_query-def>
  <Iteration_query-len>9</Iteration_query-len>
<Iteration_hits>
</Iteration_hits>
  <Iteration_stat>
    <Statistics>
      <Statistics_db-num>2334</Statistics_db-num>
      <Statistics_db-len>25004</Statistics_db-len>
      <Statistics_hsp-len>0</Statistics_hsp-len>
      <Statistics_eff-space>225036</Statistics_eff-space>
      <Statistics_kappa>0.041</Statistics_kappa>
      <Statistics_lambda>0.267</Statistics_lambda>
      <Statistics_entropy>0.14</Statistics_entropy>
    </Statistics>
  </Iteration_stat>
  <Iteration_message>No hits found</Iteration_message>
</Iteration>
<Iteration>
  <Iteration_iter-num>23</Iteration_iter-num>
  <Iteration_query-ID>Query_23</Iteration_query-ID>
  <Iteration_query-def>M_1968</Iteration_query-def>
  <Iteration_query-len>9</Iteration_query-len>
<Iteration_hits>
</Iteration_hits>
  <Iteration_stat>
    <Statistics>
      <Statistics_db-num>2334</Statistics_db-num>
      <Statistics_db-len>25004</Statistics_db-len>
      <Statistics_hsp-len>0</Statistics_hsp-len>
      <Statistics_eff-space>225036</Statistics_eff-space>
      <Statistics_kappa>0.041</Statistics_kappa>
      <Statistics_lambda>0.267</Statistics_lambda>
      <Statistics_entropy>0.14</Statistics_entropy>
    </Statistics>
  </Iteration_stat>
  <Iteration_message>No hits found</Iteration_message>
</Iteration>
<Iteration>
  <Iteration_iter-num>24</Iteration_iter-num>
  <Iteration_query-ID>Query_24</Iteration_query-ID>
  <Iteration_query-def>M_1969</Iteration_query-def>
  <Iteration_query-len>9</Iteration_query-len>
<Iteration_hits>
</Iteration_hits>
  <Iteration_stat>
    <Statistics>
      <Statistics_db-num>2334</Statistics_db-num>
      <Statistics_db-len>25004</Statistics_db-len>
      <Statistics_hsp-len>0</Statistics_hsp-len>
      <Statistics_eff-space>225036</Statistics_eff-space>
      <Statistics_kappa>0.041</Statistics_kappa>
      <Statistics_lambda>0.267</Statistics_lambda>
      <Statistics_entropy>0.14</Statistics_entropy>
    </Statistics>
  </Iteration_stat>
  <Iteration_message>No hits found</Iteration_message>
</Iteration>
<Iteration>
  <Iteration_iter-num>25</Iteration_iter-num>
  <Iteration_query-ID>Query_25</Iteration_query-ID>
  <Iteration_query-def>M_1970</Iteration_query-def>
  <Iteration_query-len>9</Iteration_query-len>
<Iteration_hits>
<Hit>
  <Hit_num>1</Hit_num>
  <Hit_id>gnl|BL_ORD_ID|115</Hit_id>
  <Hit_def>7708|gag polyprotein|BAA00992.1|Human immunodeficiency virus 1|11676</Hit_def>
  <Hit_accession>115</Hit_accession>
  <Hit_len>9</Hit_len>
  <Hit_hsps>
    <Hsp>
      <Hsp_num>1</Hsp_num>
      <Hsp_bit-score>11.5418</Hsp_bit-score>
      <Hsp_score>18</Hsp_score>
      <Hsp_evalue>165.102</Hsp_evalue>
      <Hsp_query-from>1</Hsp_query-from>
      <Hsp_query-to>7</Hsp_query-to>
      <Hsp_hit-from>3</Hsp_hit-from>
      <Hsp_hit-to>9</Hsp_hit-to>
      <Hsp_query-frame>0</Hsp_query-frame>
      <Hsp_hit-frame>0</Hsp_hit-frame>
      <Hsp_identity>4</Hsp_identity>
      <Hsp_positive>6</Hsp_positive>
      <Hsp_gaps>0</Hsp_gaps>
      <Hsp_align-len>7</Hsp_align-len>
      <Hsp_qseq>KTLRKAI</Hsp_qseq>
      <Hsp_hseq>KTILKAL</Hsp_hseq>
      <Hsp_midline>KT+ KA+</Hsp_midline>
    </Hsp>
  </Hit_hsps>
</Hit>
</Iteration_hits>
  <Iteration_stat>
    <Statistics>
      <Statistics_db-num>2334</Statistics_db-num>
      <Statistics_db-len>25004</Statistics_db-len>
      <Statistics_hsp-len>0</Statistics_hsp-len>
      <Statistics_eff-space>225036</Statistics_eff-space>
      <Statistics_kappa>0.041</Statistics_kappa>
      <Statistics_lambda>0.267</Statistics_lambda>
      <Statistics_entropy>0.14</Statistics_entropy>
    </Statistics>
  </Iteration_stat>
</Iteration>
<Iteration>
  <Iteration_iter-num>26</Iteration_iter-num>
  <Iteration_query-ID>Query_26</Iteration_query-ID>
  <Iteration_query-def>M_1971</Iteration_query-def>
  <Iteration_query-len>9</Iteration_query-len>
<Iteration_hits>
<Hit>
  <Hit_num>1</Hit_num>
  <Hit_id>gnl|BL_ORD_ID|115</Hit_id>
  <Hit_def>7708|gag polyprotein|BAA00992.1|Human immunodeficiency virus 1|11676</Hit_def>
  <Hit_accession>115</Hit_accession>
  <Hit_len>9</Hit_len>
  <Hit_hsps>
    <Hsp>
      <Hsp_num>1</Hsp_num>
      <Hsp_bit-score>11.5418</Hsp_bit-score>
      <Hsp_score>18</Hsp_score>
      <Hsp_evalue>165.102</Hsp_evalue>
      <Hsp_query-from>1</Hsp_query-from>
      <Hsp_query-to>7</Hsp_query-to>
      <Hsp_hit-from>3</Hsp_hit-from>
      <Hsp_hit-to>9</Hsp_hit-to>
      <Hsp_query-frame>0</Hsp_query-frame>
      <Hsp_hit-frame>0</Hsp_hit-frame>
      <Hsp_identity>4</Hsp_identity>
      <Hsp_positive>6</Hsp_positive>
      <Hsp_gaps>0</Hsp_gaps>
      <Hsp_align-len>7</Hsp_align-len>
      <Hsp_qseq>KTLRKAI</Hsp_qseq>
      <Hsp_hseq>KTILKAL</Hsp_hseq>
      <Hsp_midline>KT+ KA+</Hsp_midline>
    </Hsp>
  </Hit_hsps>
</Hit>
</Iteration_hits>
  <Iteration_stat>
    <Statistics>
      <Statistics_db-num>2334</Statistics_db-num>
      <Statistics_db-len>25004</Statistics_db-len>
      <Statistics_hsp-len>0</Statistics_hsp-len>
      <Statistics_eff-space>225036</Statistics_eff-space>
      <Statistics_kappa>0.041</Statistics_kappa>
      <Statistics_lambda>0.267</Statistics_lambda>
      <Statistics_entropy>0.14</Statistics_entropy>
    </Statistics>
  </Iteration_stat>
</Iteration>
<Iteration>
  <Iteration_iter-num>27</Iteration_iter-num>
  <Iteration_query-ID>Query_27</Iteration_query-ID>
  <Iteration_query-def>M_1972</Iteration_query-def>
  <Iteration_query-len>9</Iteration_query-len>
<Iteration_hits>
</Iteration_hits>
  <Iteration_stat>
    <Statistics>
      <Statistics_db-num>2334</Statistics_db-num>
      <Statistics_db-len>25004</Statistics_db-len>
      <Statistics_hsp-len>0</Statistics_hsp-len>
      <Statistics_eff-space>225036</Statistics_eff-space>
      <Statistics_kappa>0.041</Statistics_kappa>
      <Statistics_lambda>0.267</Statistics_lambda>
      <Statistics_entropy>0.14</Statistics_entropy>
    </Statistics>
  </Iteration_stat>
  <Iteration_message>No hits found</Iteration_message>
</Iteration>
<Iteration>
  <Iteration_iter-num>28</Iteration_iter-num>
  <Iteration_query-ID>Query_28</Iteration_query-ID>
  <Iteration_query-def>M_1973</Iteration_query-def>
  <Iteration_query-len>9</Iteration_query-len>
<Iteration_hits>
<Hit>
  <Hit_num>1</Hit_num>
  <Hit_id>gnl|BL_ORD_ID|26</Hit_id>
  <Hit_def>2002|Large envelope protein|SRC279965|Hepatitis B virus|10407</Hit_def>
  <Hit_accession>26</Hit_accession>
  <Hit_len>10</Hit_len>
  <Hit_hsps>
    <Hsp>
      <Hsp_num>1</Hsp_num>
      <Hsp_bit-score>13.4678</Hsp_bit-score>
      <Hsp_score>23</Hsp_score>
      <Hsp_evalue>10.0795</Hsp_evalue>
      <Hsp_query-from>5</Hsp_query-from>
      <Hsp_query-to>8</Hsp_query-to>
      <Hsp_hit-from>6</Hsp_hit-from>
      <Hsp_hit-to>9</Hsp_hit-to>
      <Hsp_query-frame>0</Hsp_query-frame>
      <Hsp_hit-frame>0</Hsp_hit-frame>
      <Hsp_identity>4</Hsp_identity>
      <Hsp_positive>4</Hsp_positive>
      <Hsp_gaps>0</Hsp_gaps>
      <Hsp_align-len>4</Hsp_align-len>
      <Hsp_qseq>TGDP</Hsp_qseq>
      <Hsp_hseq>TGDP</Hsp_hseq>
      <Hsp_midline>TGDP</Hsp_midline>
    </Hsp>
  </Hit_hsps>
</Hit>
</Iteration_hits>
  <Iteration_stat>
    <Statistics>
      <Statistics_db-num>2334</Statistics_db-num>
      <Statistics_db-len>25004</Statistics_db-len>
      <Statistics_hsp-len>0</Statistics_hsp-len>
      <Statistics_eff-space>225036</Statistics_eff-space>
      <Statistics_kappa>0.041</Statistics_kappa>
      <Statistics_lambda>0.267</Statistics_lambda>
      <Statistics_entropy>0.14</Statistics_entropy>
    </Statistics>
  </Iteration_stat>
</Iteration>
<Iteration>
  <Iteration_iter-num>29</Iteration_iter-num>
  <Iteration_query-ID>Query_29</Iteration_query-ID>
  <Iteration_query-def>M_1974</Iteration_query-def>
  <Iteration_query-len>9</Iteration_query-len>
<Iteration_hits>
</Iteration_hits>
  <Iteration_stat>
    <Statistics>
      <Statistics_db-num>2334</Statistics_db-num>
      <Statistics_db-len>25004</Statistics_db-len>
      <Statistics_hsp-len>0</Statistics_hsp-len>
      <Statistics_eff-space>225036</Statistics_eff-space>
      <Statistics_kappa>0.041</Statistics_kappa>
      <Statistics_lambda>0.267</Statistics_lambda>
      <Statistics_entropy>0.14</Statistics_entropy>
    </Statistics>
  </Iteration_stat>
  <Iteration_message>No hits found</Iteration_message>
</Iteration>
</BlastOutput_iterations>
</BlastOutput>

