<?xml version="1.0"?>
<!DOCTYPE BlastOutput PUBLIC "-//NCBI//NCBI BlastOutput/EN" "http://www.ncbi.nlm.nih.gov/dtd/NCBI_BlastOutput.dtd">
<BlastOutput>
  <BlastOutput_program>blastp</BlastOutput_program>
  <BlastOutput_version>BLASTP 2.2.30+</BlastOutput_version>
  <BlastOutput_reference>Stephen F. Altschul, Thomas L. Madden, Alejandro A. Sch&amp;auml;ffer, Jinghui Zhang, Zheng Zhang, Webb Miller, and David J. Lipman (1997), &quot;Gapped BLAST and PSI-BLAST: a new generation of protein database search programs&quot;, Nucleic Acids Res. 25:3389-3402.</BlastOutput_reference>
  <BlastOutput_db>/Users/mluksza/Dropbox/CancerLocal//enemy/iedb_2016//iedb.fasta</BlastOutput_db>
  <BlastOutput_query-ID>Query_1</BlastOutput_query-ID>
  <BlastOutput_query-def>M_4894</BlastOutput_query-def>
  <BlastOutput_query-len>9</BlastOutput_query-len>
  <BlastOutput_param>
    <Parameters>
      <Parameters_matrix>BLOSUM62</Parameters_matrix>
      <Parameters_expect>100000000</Parameters_expect>
      <Parameters_gap-open>11</Parameters_gap-open>
      <Parameters_gap-extend>1</Parameters_gap-extend>
      <Parameters_filter>F</Parameters_filter>
    </Parameters>
  </BlastOutput_param>
<BlastOutput_iterations>
<Iteration>
  <Iteration_iter-num>1</Iteration_iter-num>
  <Iteration_query-ID>Query_1</Iteration_query-ID>
  <Iteration_query-def>M_4894</Iteration_query-def>
  <Iteration_query-len>9</Iteration_query-len>
<Iteration_hits>
</Iteration_hits>
  <Iteration_stat>
    <Statistics>
      <Statistics_db-num>2334</Statistics_db-num>
      <Statistics_db-len>25004</Statistics_db-len>
      <Statistics_hsp-len>0</Statistics_hsp-len>
      <Statistics_eff-space>225036</Statistics_eff-space>
      <Statistics_kappa>0.041</Statistics_kappa>
      <Statistics_lambda>0.267</Statistics_lambda>
      <Statistics_entropy>0.14</Statistics_entropy>
    </Statistics>
  </Iteration_stat>
  <Iteration_message>No hits found</Iteration_message>
</Iteration>
<Iteration>
  <Iteration_iter-num>2</Iteration_iter-num>
  <Iteration_query-ID>Query_2</Iteration_query-ID>
  <Iteration_query-def>M_4895</Iteration_query-def>
  <Iteration_query-len>9</Iteration_query-len>
<Iteration_hits>
</Iteration_hits>
  <Iteration_stat>
    <Statistics>
      <Statistics_db-num>2334</Statistics_db-num>
      <Statistics_db-len>25004</Statistics_db-len>
      <Statistics_hsp-len>0</Statistics_hsp-len>
      <Statistics_eff-space>225036</Statistics_eff-space>
      <Statistics_kappa>0.041</Statistics_kappa>
      <Statistics_lambda>0.267</Statistics_lambda>
      <Statistics_entropy>0.14</Statistics_entropy>
    </Statistics>
  </Iteration_stat>
  <Iteration_message>No hits found</Iteration_message>
</Iteration>
<Iteration>
  <Iteration_iter-num>3</Iteration_iter-num>
  <Iteration_query-ID>Query_3</Iteration_query-ID>
  <Iteration_query-def>M_4896</Iteration_query-def>
  <Iteration_query-len>9</Iteration_query-len>
<Iteration_hits>
</Iteration_hits>
  <Iteration_stat>
    <Statistics>
      <Statistics_db-num>2334</Statistics_db-num>
      <Statistics_db-len>25004</Statistics_db-len>
      <Statistics_hsp-len>0</Statistics_hsp-len>
      <Statistics_eff-space>225036</Statistics_eff-space>
      <Statistics_kappa>0.041</Statistics_kappa>
      <Statistics_lambda>0.267</Statistics_lambda>
      <Statistics_entropy>0.14</Statistics_entropy>
    </Statistics>
  </Iteration_stat>
  <Iteration_message>No hits found</Iteration_message>
</Iteration>
<Iteration>
  <Iteration_iter-num>4</Iteration_iter-num>
  <Iteration_query-ID>Query_4</Iteration_query-ID>
  <Iteration_query-def>M_4897</Iteration_query-def>
  <Iteration_query-len>9</Iteration_query-len>
<Iteration_hits>
<Hit>
  <Hit_num>1</Hit_num>
  <Hit_id>gnl|BL_ORD_ID|1168</Hit_id>
  <Hit_def>79180|tax protein|AAF37566.1|Human T-lymphotropic virus 1|11908</Hit_def>
  <Hit_accession>1168</Hit_accession>
  <Hit_len>15</Hit_len>
  <Hit_hsps>
    <Hsp>
      <Hsp_num>1</Hsp_num>
      <Hsp_bit-score>12.6974</Hsp_bit-score>
      <Hsp_score>21</Hsp_score>
      <Hsp_evalue>24.4548</Hsp_evalue>
      <Hsp_query-from>3</Hsp_query-from>
      <Hsp_query-to>8</Hsp_query-to>
      <Hsp_hit-from>3</Hsp_hit-from>
      <Hsp_hit-to>8</Hsp_hit-to>
      <Hsp_query-frame>0</Hsp_query-frame>
      <Hsp_hit-frame>0</Hsp_hit-frame>
      <Hsp_identity>4</Hsp_identity>
      <Hsp_positive>5</Hsp_positive>
      <Hsp_gaps>0</Hsp_gaps>
      <Hsp_align-len>6</Hsp_align-len>
      <Hsp_qseq>LPVSLF</Hsp_qseq>
      <Hsp_hseq>LPTTLF</Hsp_hseq>
      <Hsp_midline>LP +LF</Hsp_midline>
    </Hsp>
  </Hit_hsps>
</Hit>
</Iteration_hits>
  <Iteration_stat>
    <Statistics>
      <Statistics_db-num>2334</Statistics_db-num>
      <Statistics_db-len>25004</Statistics_db-len>
      <Statistics_hsp-len>0</Statistics_hsp-len>
      <Statistics_eff-space>225036</Statistics_eff-space>
      <Statistics_kappa>0.041</Statistics_kappa>
      <Statistics_lambda>0.267</Statistics_lambda>
      <Statistics_entropy>0.14</Statistics_entropy>
    </Statistics>
  </Iteration_stat>
</Iteration>
<Iteration>
  <Iteration_iter-num>5</Iteration_iter-num>
  <Iteration_query-ID>Query_5</Iteration_query-ID>
  <Iteration_query-def>M_4898</Iteration_query-def>
  <Iteration_query-len>9</Iteration_query-len>
<Iteration_hits>
<Hit>
  <Hit_num>1</Hit_num>
  <Hit_id>gnl|BL_ORD_ID|338</Hit_id>
  <Hit_def>21242|polymerase|ACF94272.1|Hepatitis B virus|10407</Hit_def>
  <Hit_accession>338</Hit_accession>
  <Hit_len>9</Hit_len>
  <Hit_hsps>
    <Hsp>
      <Hsp_num>1</Hsp_num>
      <Hsp_bit-score>13.0826</Hsp_bit-score>
      <Hsp_score>22</Hsp_score>
      <Hsp_evalue>19.7427</Hsp_evalue>
      <Hsp_query-from>2</Hsp_query-from>
      <Hsp_query-to>8</Hsp_query-to>
      <Hsp_hit-from>2</Hsp_hit-from>
      <Hsp_hit-to>8</Hsp_hit-to>
      <Hsp_query-frame>0</Hsp_query-frame>
      <Hsp_hit-frame>0</Hsp_hit-frame>
      <Hsp_identity>4</Hsp_identity>
      <Hsp_positive>6</Hsp_positive>
      <Hsp_gaps>0</Hsp_gaps>
      <Hsp_align-len>7</Hsp_align-len>
      <Hsp_qseq>LFSVTMP</Hsp_qseq>
      <Hsp_hseq>LYSSTVP</Hsp_hseq>
      <Hsp_midline>L+S T+P</Hsp_midline>
    </Hsp>
  </Hit_hsps>
</Hit>
</Iteration_hits>
  <Iteration_stat>
    <Statistics>
      <Statistics_db-num>2334</Statistics_db-num>
      <Statistics_db-len>25004</Statistics_db-len>
      <Statistics_hsp-len>0</Statistics_hsp-len>
      <Statistics_eff-space>225036</Statistics_eff-space>
      <Statistics_kappa>0.041</Statistics_kappa>
      <Statistics_lambda>0.267</Statistics_lambda>
      <Statistics_entropy>0.14</Statistics_entropy>
    </Statistics>
  </Iteration_stat>
</Iteration>
<Iteration>
  <Iteration_iter-num>6</Iteration_iter-num>
  <Iteration_query-ID>Query_6</Iteration_query-ID>
  <Iteration_query-def>M_4899</Iteration_query-def>
  <Iteration_query-len>9</Iteration_query-len>
<Iteration_hits>
<Hit>
  <Hit_num>1</Hit_num>
  <Hit_id>gnl|BL_ORD_ID|1068</Hit_id>
  <Hit_def>70491|envelope glycoprotein|AAC28452.1|Human immunodeficiency virus 1|11676</Hit_def>
  <Hit_accession>1068</Hit_accession>
  <Hit_len>10</Hit_len>
  <Hit_hsps>
    <Hsp>
      <Hsp_num>1</Hsp_num>
      <Hsp_bit-score>11.927</Hsp_bit-score>
      <Hsp_score>19</Hsp_score>
      <Hsp_evalue>86.442</Hsp_evalue>
      <Hsp_query-from>1</Hsp_query-from>
      <Hsp_query-to>8</Hsp_query-to>
      <Hsp_hit-from>1</Hsp_hit-from>
      <Hsp_hit-to>8</Hsp_hit-to>
      <Hsp_query-frame>0</Hsp_query-frame>
      <Hsp_hit-frame>0</Hsp_hit-frame>
      <Hsp_identity>5</Hsp_identity>
      <Hsp_positive>5</Hsp_positive>
      <Hsp_gaps>0</Hsp_gaps>
      <Hsp_align-len>8</Hsp_align-len>
      <Hsp_qseq>VPVPPAPP</Hsp_qseq>
      <Hsp_hseq>VPTDPNPP</Hsp_hseq>
      <Hsp_midline>VP  P PP</Hsp_midline>
    </Hsp>
  </Hit_hsps>
</Hit>
</Iteration_hits>
  <Iteration_stat>
    <Statistics>
      <Statistics_db-num>2334</Statistics_db-num>
      <Statistics_db-len>25004</Statistics_db-len>
      <Statistics_hsp-len>0</Statistics_hsp-len>
      <Statistics_eff-space>225036</Statistics_eff-space>
      <Statistics_kappa>0.041</Statistics_kappa>
      <Statistics_lambda>0.267</Statistics_lambda>
      <Statistics_entropy>0.14</Statistics_entropy>
    </Statistics>
  </Iteration_stat>
</Iteration>
<Iteration>
  <Iteration_iter-num>7</Iteration_iter-num>
  <Iteration_query-ID>Query_7</Iteration_query-ID>
  <Iteration_query-def>M_4900</Iteration_query-def>
  <Iteration_query-len>9</Iteration_query-len>
<Iteration_hits>
<Hit>
  <Hit_num>1</Hit_num>
  <Hit_id>gnl|BL_ORD_ID|2080</Hit_id>
  <Hit_def>185327|polyprotein|ACF49259.1|Dengue virus type 1 Hawaii|10000440</Hit_def>
  <Hit_accession>2080</Hit_accession>
  <Hit_len>9</Hit_len>
  <Hit_hsps>
    <Hsp>
      <Hsp_num>1</Hsp_num>
      <Hsp_bit-score>13.4678</Hsp_bit-score>
      <Hsp_score>23</Hsp_score>
      <Hsp_evalue>8.87313</Hsp_evalue>
      <Hsp_query-from>2</Hsp_query-from>
      <Hsp_query-to>7</Hsp_query-to>
      <Hsp_hit-from>3</Hsp_hit-from>
      <Hsp_hit-to>8</Hsp_hit-to>
      <Hsp_query-frame>0</Hsp_query-frame>
      <Hsp_hit-frame>0</Hsp_hit-frame>
      <Hsp_identity>4</Hsp_identity>
      <Hsp_positive>5</Hsp_positive>
      <Hsp_gaps>0</Hsp_gaps>
      <Hsp_align-len>6</Hsp_align-len>
      <Hsp_qseq>IFMGLP</Hsp_qseq>
      <Hsp_hseq>IYMGQP</Hsp_hseq>
      <Hsp_midline>I+MG P</Hsp_midline>
    </Hsp>
  </Hit_hsps>
</Hit>
<Hit>
  <Hit_num>2</Hit_num>
  <Hit_id>gnl|BL_ORD_ID|141</Hit_id>
  <Hit_def>10587|viral polyprotein|AAA42941.1|Dengue virus 2 Thailand/NGS-C/1944|11065</Hit_def>
  <Hit_accession>141</Hit_accession>
  <Hit_len>9</Hit_len>
  <Hit_hsps>
    <Hsp>
      <Hsp_num>1</Hsp_num>
      <Hsp_bit-score>11.1566</Hsp_bit-score>
      <Hsp_score>17</Hsp_score>
      <Hsp_evalue>232.278</Hsp_evalue>
      <Hsp_query-from>1</Hsp_query-from>
      <Hsp_query-to>9</Hsp_query-to>
      <Hsp_hit-from>1</Hsp_hit-from>
      <Hsp_hit-to>9</Hsp_hit-to>
      <Hsp_query-frame>0</Hsp_query-frame>
      <Hsp_hit-frame>0</Hsp_hit-frame>
      <Hsp_identity>3</Hsp_identity>
      <Hsp_positive>5</Hsp_positive>
      <Hsp_gaps>0</Hsp_gaps>
      <Hsp_align-len>9</Hsp_align-len>
      <Hsp_qseq>EIFMGLPTK</Hsp_qseq>
      <Hsp_hseq>DVFFTPPEK</Hsp_hseq>
      <Hsp_midline>++F   P K</Hsp_midline>
    </Hsp>
  </Hit_hsps>
</Hit>
</Iteration_hits>
  <Iteration_stat>
    <Statistics>
      <Statistics_db-num>2334</Statistics_db-num>
      <Statistics_db-len>25004</Statistics_db-len>
      <Statistics_hsp-len>0</Statistics_hsp-len>
      <Statistics_eff-space>225036</Statistics_eff-space>
      <Statistics_kappa>0.041</Statistics_kappa>
      <Statistics_lambda>0.267</Statistics_lambda>
      <Statistics_entropy>0.14</Statistics_entropy>
    </Statistics>
  </Iteration_stat>
</Iteration>
<Iteration>
  <Iteration_iter-num>8</Iteration_iter-num>
  <Iteration_query-ID>Query_8</Iteration_query-ID>
  <Iteration_query-def>M_4901</Iteration_query-def>
  <Iteration_query-len>9</Iteration_query-len>
<Iteration_hits>
</Iteration_hits>
  <Iteration_stat>
    <Statistics>
      <Statistics_db-num>2334</Statistics_db-num>
      <Statistics_db-len>25004</Statistics_db-len>
      <Statistics_hsp-len>0</Statistics_hsp-len>
      <Statistics_eff-space>225036</Statistics_eff-space>
      <Statistics_kappa>0.041</Statistics_kappa>
      <Statistics_lambda>0.267</Statistics_lambda>
      <Statistics_entropy>0.14</Statistics_entropy>
    </Statistics>
  </Iteration_stat>
  <Iteration_message>No hits found</Iteration_message>
</Iteration>
<Iteration>
  <Iteration_iter-num>9</Iteration_iter-num>
  <Iteration_query-ID>Query_9</Iteration_query-ID>
  <Iteration_query-def>M_4902</Iteration_query-def>
  <Iteration_query-len>9</Iteration_query-len>
<Iteration_hits>
</Iteration_hits>
  <Iteration_stat>
    <Statistics>
      <Statistics_db-num>2334</Statistics_db-num>
      <Statistics_db-len>25004</Statistics_db-len>
      <Statistics_hsp-len>0</Statistics_hsp-len>
      <Statistics_eff-space>225036</Statistics_eff-space>
      <Statistics_kappa>0.041</Statistics_kappa>
      <Statistics_lambda>0.267</Statistics_lambda>
      <Statistics_entropy>0.14</Statistics_entropy>
    </Statistics>
  </Iteration_stat>
  <Iteration_message>No hits found</Iteration_message>
</Iteration>
<Iteration>
  <Iteration_iter-num>10</Iteration_iter-num>
  <Iteration_query-ID>Query_10</Iteration_query-ID>
  <Iteration_query-def>M_4903</Iteration_query-def>
  <Iteration_query-len>9</Iteration_query-len>
<Iteration_hits>
<Hit>
  <Hit_num>1</Hit_num>
  <Hit_id>gnl|BL_ORD_ID|691</Hit_id>
  <Hit_def>42094|telomer length regulation protein TEL1|EDV12172.1|Saccharomyces cerevisiae|4932</Hit_def>
  <Hit_accession>691</Hit_accession>
  <Hit_len>9</Hit_len>
  <Hit_hsps>
    <Hsp>
      <Hsp_num>1</Hsp_num>
      <Hsp_bit-score>13.853</Hsp_bit-score>
      <Hsp_score>24</Hsp_score>
      <Hsp_evalue>6.60345</Hsp_evalue>
      <Hsp_query-from>2</Hsp_query-from>
      <Hsp_query-to>7</Hsp_query-to>
      <Hsp_hit-from>2</Hsp_hit-from>
      <Hsp_hit-to>7</Hsp_hit-to>
      <Hsp_query-frame>0</Hsp_query-frame>
      <Hsp_hit-frame>0</Hsp_hit-frame>
      <Hsp_identity>3</Hsp_identity>
      <Hsp_positive>5</Hsp_positive>
      <Hsp_gaps>0</Hsp_gaps>
      <Hsp_align-len>6</Hsp_align-len>
      <Hsp_qseq>MWNYMQ</Hsp_qseq>
      <Hsp_hseq>LWGYLQ</Hsp_hseq>
      <Hsp_midline>+W Y+Q</Hsp_midline>
    </Hsp>
  </Hit_hsps>
</Hit>
</Iteration_hits>
  <Iteration_stat>
    <Statistics>
      <Statistics_db-num>2334</Statistics_db-num>
      <Statistics_db-len>25004</Statistics_db-len>
      <Statistics_hsp-len>0</Statistics_hsp-len>
      <Statistics_eff-space>225036</Statistics_eff-space>
      <Statistics_kappa>0.041</Statistics_kappa>
      <Statistics_lambda>0.267</Statistics_lambda>
      <Statistics_entropy>0.14</Statistics_entropy>
    </Statistics>
  </Iteration_stat>
</Iteration>
<Iteration>
  <Iteration_iter-num>11</Iteration_iter-num>
  <Iteration_query-ID>Query_11</Iteration_query-ID>
  <Iteration_query-def>M_4904</Iteration_query-def>
  <Iteration_query-len>9</Iteration_query-len>
<Iteration_hits>
<Hit>
  <Hit_num>1</Hit_num>
  <Hit_id>gnl|BL_ORD_ID|1295</Hit_id>
  <Hit_def>103020|polyprotein|ABR25251.1|Hepatitis C virus|11103</Hit_def>
  <Hit_accession>1295</Hit_accession>
  <Hit_len>10</Hit_len>
  <Hit_hsps>
    <Hsp>
      <Hsp_num>1</Hsp_num>
      <Hsp_bit-score>16.1642</Hsp_bit-score>
      <Hsp_score>30</Hsp_score>
      <Hsp_evalue>0.390189</Hsp_evalue>
      <Hsp_query-from>4</Hsp_query-from>
      <Hsp_query-to>9</Hsp_query-to>
      <Hsp_hit-from>5</Hsp_hit-from>
      <Hsp_hit-to>10</Hsp_hit-to>
      <Hsp_query-frame>0</Hsp_query-frame>
      <Hsp_hit-frame>0</Hsp_hit-frame>
      <Hsp_identity>4</Hsp_identity>
      <Hsp_positive>6</Hsp_positive>
      <Hsp_gaps>0</Hsp_gaps>
      <Hsp_align-len>6</Hsp_align-len>
      <Hsp_qseq>QHMWNY</Hsp_qseq>
      <Hsp_hseq>KHMWNF</Hsp_hseq>
      <Hsp_midline>+HMWN+</Hsp_midline>
    </Hsp>
  </Hit_hsps>
</Hit>
<Hit>
  <Hit_num>2</Hit_num>
  <Hit_id>gnl|BL_ORD_ID|1029</Hit_id>
  <Hit_def>68605|Genome polyprotein|P26662.3|Hepatitis C virus|11103</Hit_def>
  <Hit_accession>1029</Hit_accession>
  <Hit_len>10</Hit_len>
  <Hit_hsps>
    <Hsp>
      <Hsp_num>1</Hsp_num>
      <Hsp_bit-score>16.1642</Hsp_bit-score>
      <Hsp_score>30</Hsp_score>
      <Hsp_evalue>0.392937</Hsp_evalue>
      <Hsp_query-from>4</Hsp_query-from>
      <Hsp_query-to>9</Hsp_query-to>
      <Hsp_hit-from>5</Hsp_hit-from>
      <Hsp_hit-to>10</Hsp_hit-to>
      <Hsp_query-frame>0</Hsp_query-frame>
      <Hsp_hit-frame>0</Hsp_hit-frame>
      <Hsp_identity>4</Hsp_identity>
      <Hsp_positive>6</Hsp_positive>
      <Hsp_gaps>0</Hsp_gaps>
      <Hsp_align-len>6</Hsp_align-len>
      <Hsp_qseq>QHMWNY</Hsp_qseq>
      <Hsp_hseq>KHMWNF</Hsp_hseq>
      <Hsp_midline>+HMWN+</Hsp_midline>
    </Hsp>
  </Hit_hsps>
</Hit>
<Hit>
  <Hit_num>3</Hit_num>
  <Hit_id>gnl|BL_ORD_ID|272</Hit_id>
  <Hit_def>18337|polyprotein|BAD73987.1|Hepatitis C virus subtype 1b|31647</Hit_def>
  <Hit_accession>272</Hit_accession>
  <Hit_len>9</Hit_len>
  <Hit_hsps>
    <Hsp>
      <Hsp_num>1</Hsp_num>
      <Hsp_bit-score>15.779</Hsp_bit-score>
      <Hsp_score>29</Hsp_score>
      <Hsp_evalue>0.436744</Hsp_evalue>
      <Hsp_query-from>4</Hsp_query-from>
      <Hsp_query-to>9</Hsp_query-to>
      <Hsp_hit-from>4</Hsp_hit-from>
      <Hsp_hit-to>9</Hsp_hit-to>
      <Hsp_query-frame>0</Hsp_query-frame>
      <Hsp_hit-frame>0</Hsp_hit-frame>
      <Hsp_identity>4</Hsp_identity>
      <Hsp_positive>6</Hsp_positive>
      <Hsp_gaps>0</Hsp_gaps>
      <Hsp_align-len>6</Hsp_align-len>
      <Hsp_qseq>QHMWNY</Hsp_qseq>
      <Hsp_hseq>KHMWNF</Hsp_hseq>
      <Hsp_midline>+HMWN+</Hsp_midline>
    </Hsp>
  </Hit_hsps>
</Hit>
</Iteration_hits>
  <Iteration_stat>
    <Statistics>
      <Statistics_db-num>2334</Statistics_db-num>
      <Statistics_db-len>25004</Statistics_db-len>
      <Statistics_hsp-len>0</Statistics_hsp-len>
      <Statistics_eff-space>225036</Statistics_eff-space>
      <Statistics_kappa>0.041</Statistics_kappa>
      <Statistics_lambda>0.267</Statistics_lambda>
      <Statistics_entropy>0.14</Statistics_entropy>
    </Statistics>
  </Iteration_stat>
</Iteration>
<Iteration>
  <Iteration_iter-num>12</Iteration_iter-num>
  <Iteration_query-ID>Query_12</Iteration_query-ID>
  <Iteration_query-def>M_4905</Iteration_query-def>
  <Iteration_query-len>9</Iteration_query-len>
<Iteration_hits>
</Iteration_hits>
  <Iteration_stat>
    <Statistics>
      <Statistics_db-num>2334</Statistics_db-num>
      <Statistics_db-len>25004</Statistics_db-len>
      <Statistics_hsp-len>0</Statistics_hsp-len>
      <Statistics_eff-space>225036</Statistics_eff-space>
      <Statistics_kappa>0.041</Statistics_kappa>
      <Statistics_lambda>0.267</Statistics_lambda>
      <Statistics_entropy>0.14</Statistics_entropy>
    </Statistics>
  </Iteration_stat>
  <Iteration_message>No hits found</Iteration_message>
</Iteration>
<Iteration>
  <Iteration_iter-num>13</Iteration_iter-num>
  <Iteration_query-ID>Query_13</Iteration_query-ID>
  <Iteration_query-def>M_4906</Iteration_query-def>
  <Iteration_query-len>9</Iteration_query-len>
<Iteration_hits>
</Iteration_hits>
  <Iteration_stat>
    <Statistics>
      <Statistics_db-num>2334</Statistics_db-num>
      <Statistics_db-len>25004</Statistics_db-len>
      <Statistics_hsp-len>0</Statistics_hsp-len>
      <Statistics_eff-space>225036</Statistics_eff-space>
      <Statistics_kappa>0.041</Statistics_kappa>
      <Statistics_lambda>0.267</Statistics_lambda>
      <Statistics_entropy>0.14</Statistics_entropy>
    </Statistics>
  </Iteration_stat>
  <Iteration_message>No hits found</Iteration_message>
</Iteration>
<Iteration>
  <Iteration_iter-num>14</Iteration_iter-num>
  <Iteration_query-ID>Query_14</Iteration_query-ID>
  <Iteration_query-def>M_4907</Iteration_query-def>
  <Iteration_query-len>9</Iteration_query-len>
<Iteration_hits>
<Hit>
  <Hit_num>1</Hit_num>
  <Hit_id>gnl|BL_ORD_ID|1731</Hit_id>
  <Hit_def>150556|polyprotein|AGW21594.1|Dengue virus 1|11053</Hit_def>
  <Hit_accession>1731</Hit_accession>
  <Hit_len>10</Hit_len>
  <Hit_hsps>
    <Hsp>
      <Hsp_num>1</Hsp_num>
      <Hsp_bit-score>12.6974</Hsp_bit-score>
      <Hsp_score>21</Hsp_score>
      <Hsp_evalue>26.0802</Hsp_evalue>
      <Hsp_query-from>1</Hsp_query-from>
      <Hsp_query-to>9</Hsp_query-to>
      <Hsp_hit-from>1</Hsp_hit-from>
      <Hsp_hit-to>9</Hsp_hit-to>
      <Hsp_query-frame>0</Hsp_query-frame>
      <Hsp_hit-frame>0</Hsp_hit-frame>
      <Hsp_identity>5</Hsp_identity>
      <Hsp_positive>5</Hsp_positive>
      <Hsp_gaps>0</Hsp_gaps>
      <Hsp_align-len>9</Hsp_align-len>
      <Hsp_qseq>RRISPFSCL</Hsp_qseq>
      <Hsp_hseq>RVIDPRRCL</Hsp_hseq>
      <Hsp_midline>R I P  CL</Hsp_midline>
    </Hsp>
  </Hit_hsps>
</Hit>
</Iteration_hits>
  <Iteration_stat>
    <Statistics>
      <Statistics_db-num>2334</Statistics_db-num>
      <Statistics_db-len>25004</Statistics_db-len>
      <Statistics_hsp-len>0</Statistics_hsp-len>
      <Statistics_eff-space>225036</Statistics_eff-space>
      <Statistics_kappa>0.041</Statistics_kappa>
      <Statistics_lambda>0.267</Statistics_lambda>
      <Statistics_entropy>0.14</Statistics_entropy>
    </Statistics>
  </Iteration_stat>
</Iteration>
<Iteration>
  <Iteration_iter-num>15</Iteration_iter-num>
  <Iteration_query-ID>Query_15</Iteration_query-ID>
  <Iteration_query-def>M_4908</Iteration_query-def>
  <Iteration_query-len>9</Iteration_query-len>
<Iteration_hits>
<Hit>
  <Hit_num>1</Hit_num>
  <Hit_id>gnl|BL_ORD_ID|1807</Hit_id>
  <Hit_def>169050|polyprotein|ABU97067.1|Hepatitis C virus subtype 1b|31647</Hit_def>
  <Hit_accession>1807</Hit_accession>
  <Hit_len>9</Hit_len>
  <Hit_hsps>
    <Hsp>
      <Hsp_num>1</Hsp_num>
      <Hsp_bit-score>13.4678</Hsp_bit-score>
      <Hsp_score>23</Hsp_score>
      <Hsp_evalue>8.13377</Hsp_evalue>
      <Hsp_query-from>2</Hsp_query-from>
      <Hsp_query-to>8</Hsp_query-to>
      <Hsp_hit-from>3</Hsp_hit-from>
      <Hsp_hit-to>9</Hsp_hit-to>
      <Hsp_query-frame>0</Hsp_query-frame>
      <Hsp_hit-frame>0</Hsp_hit-frame>
      <Hsp_identity>5</Hsp_identity>
      <Hsp_positive>6</Hsp_positive>
      <Hsp_gaps>0</Hsp_gaps>
      <Hsp_align-len>7</Hsp_align-len>
      <Hsp_qseq>LFDEAVK</Hsp_qseq>
      <Hsp_hseq>LFNWAVK</Hsp_hseq>
      <Hsp_midline>LF+ AVK</Hsp_midline>
    </Hsp>
  </Hit_hsps>
</Hit>
</Iteration_hits>
  <Iteration_stat>
    <Statistics>
      <Statistics_db-num>2334</Statistics_db-num>
      <Statistics_db-len>25004</Statistics_db-len>
      <Statistics_hsp-len>0</Statistics_hsp-len>
      <Statistics_eff-space>225036</Statistics_eff-space>
      <Statistics_kappa>0.041</Statistics_kappa>
      <Statistics_lambda>0.267</Statistics_lambda>
      <Statistics_entropy>0.14</Statistics_entropy>
    </Statistics>
  </Iteration_stat>
</Iteration>
<Iteration>
  <Iteration_iter-num>16</Iteration_iter-num>
  <Iteration_query-ID>Query_16</Iteration_query-ID>
  <Iteration_query-def>M_4909</Iteration_query-def>
  <Iteration_query-len>9</Iteration_query-len>
<Iteration_hits>
</Iteration_hits>
  <Iteration_stat>
    <Statistics>
      <Statistics_db-num>2334</Statistics_db-num>
      <Statistics_db-len>25004</Statistics_db-len>
      <Statistics_hsp-len>0</Statistics_hsp-len>
      <Statistics_eff-space>225036</Statistics_eff-space>
      <Statistics_kappa>0.041</Statistics_kappa>
      <Statistics_lambda>0.267</Statistics_lambda>
      <Statistics_entropy>0.14</Statistics_entropy>
    </Statistics>
  </Iteration_stat>
  <Iteration_message>No hits found</Iteration_message>
</Iteration>
<Iteration>
  <Iteration_iter-num>17</Iteration_iter-num>
  <Iteration_query-ID>Query_17</Iteration_query-ID>
  <Iteration_query-def>M_4910</Iteration_query-def>
  <Iteration_query-len>9</Iteration_query-len>
<Iteration_hits>
</Iteration_hits>
  <Iteration_stat>
    <Statistics>
      <Statistics_db-num>2334</Statistics_db-num>
      <Statistics_db-len>25004</Statistics_db-len>
      <Statistics_hsp-len>0</Statistics_hsp-len>
      <Statistics_eff-space>225036</Statistics_eff-space>
      <Statistics_kappa>0.041</Statistics_kappa>
      <Statistics_lambda>0.267</Statistics_lambda>
      <Statistics_entropy>0.14</Statistics_entropy>
    </Statistics>
  </Iteration_stat>
  <Iteration_message>No hits found</Iteration_message>
</Iteration>
<Iteration>
  <Iteration_iter-num>18</Iteration_iter-num>
  <Iteration_query-ID>Query_18</Iteration_query-ID>
  <Iteration_query-def>M_4911</Iteration_query-def>
  <Iteration_query-len>9</Iteration_query-len>
<Iteration_hits>
</Iteration_hits>
  <Iteration_stat>
    <Statistics>
      <Statistics_db-num>2334</Statistics_db-num>
      <Statistics_db-len>25004</Statistics_db-len>
      <Statistics_hsp-len>0</Statistics_hsp-len>
      <Statistics_eff-space>225036</Statistics_eff-space>
      <Statistics_kappa>0.041</Statistics_kappa>
      <Statistics_lambda>0.267</Statistics_lambda>
      <Statistics_entropy>0.14</Statistics_entropy>
    </Statistics>
  </Iteration_stat>
  <Iteration_message>No hits found</Iteration_message>
</Iteration>
<Iteration>
  <Iteration_iter-num>19</Iteration_iter-num>
  <Iteration_query-ID>Query_19</Iteration_query-ID>
  <Iteration_query-def>M_4912</Iteration_query-def>
  <Iteration_query-len>9</Iteration_query-len>
<Iteration_hits>
<Hit>
  <Hit_num>1</Hit_num>
  <Hit_id>gnl|BL_ORD_ID|898</Hit_id>
  <Hit_def>59141|Circumsporozoite protein precursor|P08677.2|Plasmodium vivax strain Belem|31273</Hit_def>
  <Hit_accession>898</Hit_accession>
  <Hit_len>10</Hit_len>
  <Hit_hsps>
    <Hsp>
      <Hsp_num>1</Hsp_num>
      <Hsp_bit-score>10.7714</Hsp_bit-score>
      <Hsp_score>16</Hsp_score>
      <Hsp_evalue>303.747</Hsp_evalue>
      <Hsp_query-from>1</Hsp_query-from>
      <Hsp_query-to>8</Hsp_query-to>
      <Hsp_hit-from>1</Hsp_hit-from>
      <Hsp_hit-to>8</Hsp_hit-to>
      <Hsp_query-frame>0</Hsp_query-frame>
      <Hsp_hit-frame>0</Hsp_hit-frame>
      <Hsp_identity>4</Hsp_identity>
      <Hsp_positive>6</Hsp_positive>
      <Hsp_gaps>0</Hsp_gaps>
      <Hsp_align-len>8</Hsp_align-len>
      <Hsp_qseq>ALGPPVLL</Hsp_qseq>
      <Hsp_hseq>SLGLVILL</Hsp_hseq>
      <Hsp_midline>+LG  +LL</Hsp_midline>
    </Hsp>
  </Hit_hsps>
</Hit>
</Iteration_hits>
  <Iteration_stat>
    <Statistics>
      <Statistics_db-num>2334</Statistics_db-num>
      <Statistics_db-len>25004</Statistics_db-len>
      <Statistics_hsp-len>0</Statistics_hsp-len>
      <Statistics_eff-space>225036</Statistics_eff-space>
      <Statistics_kappa>0.041</Statistics_kappa>
      <Statistics_lambda>0.267</Statistics_lambda>
      <Statistics_entropy>0.14</Statistics_entropy>
    </Statistics>
  </Iteration_stat>
</Iteration>
<Iteration>
  <Iteration_iter-num>20</Iteration_iter-num>
  <Iteration_query-ID>Query_20</Iteration_query-ID>
  <Iteration_query-def>M_4913</Iteration_query-def>
  <Iteration_query-len>9</Iteration_query-len>
<Iteration_hits>
<Hit>
  <Hit_num>1</Hit_num>
  <Hit_id>gnl|BL_ORD_ID|1621</Hit_id>
  <Hit_def>145860|Protein E6|P04019.1|Human papillomavirus type 11|10580</Hit_def>
  <Hit_accession>1621</Hit_accession>
  <Hit_len>9</Hit_len>
  <Hit_hsps>
    <Hsp>
      <Hsp_num>1</Hsp_num>
      <Hsp_bit-score>13.853</Hsp_bit-score>
      <Hsp_score>24</Hsp_score>
      <Hsp_evalue>5.84954</Hsp_evalue>
      <Hsp_query-from>2</Hsp_query-from>
      <Hsp_query-to>9</Hsp_query-to>
      <Hsp_hit-from>1</Hsp_hit-from>
      <Hsp_hit-to>8</Hsp_hit-to>
      <Hsp_query-frame>0</Hsp_query-frame>
      <Hsp_hit-frame>0</Hsp_hit-frame>
      <Hsp_identity>5</Hsp_identity>
      <Hsp_positive>6</Hsp_positive>
      <Hsp_gaps>0</Hsp_gaps>
      <Hsp_align-len>8</Hsp_align-len>
      <Hsp_qseq>PVLLRCSL</Hsp_qseq>
      <Hsp_hseq>KVLIRCYL</Hsp_hseq>
      <Hsp_midline> VL+RC L</Hsp_midline>
    </Hsp>
  </Hit_hsps>
</Hit>
<Hit>
  <Hit_num>2</Hit_num>
  <Hit_id>gnl|BL_ORD_ID|114</Hit_id>
  <Hit_def>7660|polyprotein|AAA45677.1|Hepatitis C virus (isolate H77)|63746</Hit_def>
  <Hit_accession>114</Hit_accession>
  <Hit_len>20</Hit_len>
  <Hit_hsps>
    <Hsp>
      <Hsp_num>1</Hsp_num>
      <Hsp_bit-score>11.927</Hsp_bit-score>
      <Hsp_score>19</Hsp_score>
      <Hsp_evalue>83.707</Hsp_evalue>
      <Hsp_query-from>3</Hsp_query-from>
      <Hsp_query-to>9</Hsp_query-to>
      <Hsp_hit-from>4</Hsp_hit-from>
      <Hsp_hit-to>10</Hsp_hit-to>
      <Hsp_query-frame>0</Hsp_query-frame>
      <Hsp_hit-frame>0</Hsp_hit-frame>
      <Hsp_identity>3</Hsp_identity>
      <Hsp_positive>6</Hsp_positive>
      <Hsp_gaps>0</Hsp_gaps>
      <Hsp_align-len>7</Hsp_align-len>
      <Hsp_qseq>VLLRCSL</Hsp_qseq>
      <Hsp_hseq>ILLMCAV</Hsp_hseq>
      <Hsp_midline>+LL C++</Hsp_midline>
    </Hsp>
  </Hit_hsps>
</Hit>
</Iteration_hits>
  <Iteration_stat>
    <Statistics>
      <Statistics_db-num>2334</Statistics_db-num>
      <Statistics_db-len>25004</Statistics_db-len>
      <Statistics_hsp-len>0</Statistics_hsp-len>
      <Statistics_eff-space>225036</Statistics_eff-space>
      <Statistics_kappa>0.041</Statistics_kappa>
      <Statistics_lambda>0.267</Statistics_lambda>
      <Statistics_entropy>0.14</Statistics_entropy>
    </Statistics>
  </Iteration_stat>
</Iteration>
<Iteration>
  <Iteration_iter-num>21</Iteration_iter-num>
  <Iteration_query-ID>Query_21</Iteration_query-ID>
  <Iteration_query-def>M_4914</Iteration_query-def>
  <Iteration_query-len>9</Iteration_query-len>
<Iteration_hits>
</Iteration_hits>
  <Iteration_stat>
    <Statistics>
      <Statistics_db-num>2334</Statistics_db-num>
      <Statistics_db-len>25004</Statistics_db-len>
      <Statistics_hsp-len>0</Statistics_hsp-len>
      <Statistics_eff-space>225036</Statistics_eff-space>
      <Statistics_kappa>0.041</Statistics_kappa>
      <Statistics_lambda>0.267</Statistics_lambda>
      <Statistics_entropy>0.14</Statistics_entropy>
    </Statistics>
  </Iteration_stat>
  <Iteration_message>No hits found</Iteration_message>
</Iteration>
<Iteration>
  <Iteration_iter-num>22</Iteration_iter-num>
  <Iteration_query-ID>Query_22</Iteration_query-ID>
  <Iteration_query-def>M_4915</Iteration_query-def>
  <Iteration_query-len>9</Iteration_query-len>
<Iteration_hits>
</Iteration_hits>
  <Iteration_stat>
    <Statistics>
      <Statistics_db-num>2334</Statistics_db-num>
      <Statistics_db-len>25004</Statistics_db-len>
      <Statistics_hsp-len>0</Statistics_hsp-len>
      <Statistics_eff-space>225036</Statistics_eff-space>
      <Statistics_kappa>0.041</Statistics_kappa>
      <Statistics_lambda>0.267</Statistics_lambda>
      <Statistics_entropy>0.14</Statistics_entropy>
    </Statistics>
  </Iteration_stat>
  <Iteration_message>No hits found</Iteration_message>
</Iteration>
<Iteration>
  <Iteration_iter-num>23</Iteration_iter-num>
  <Iteration_query-ID>Query_23</Iteration_query-ID>
  <Iteration_query-def>M_4916</Iteration_query-def>
  <Iteration_query-len>9</Iteration_query-len>
<Iteration_hits>
</Iteration_hits>
  <Iteration_stat>
    <Statistics>
      <Statistics_db-num>2334</Statistics_db-num>
      <Statistics_db-len>25004</Statistics_db-len>
      <Statistics_hsp-len>0</Statistics_hsp-len>
      <Statistics_eff-space>225036</Statistics_eff-space>
      <Statistics_kappa>0.041</Statistics_kappa>
      <Statistics_lambda>0.267</Statistics_lambda>
      <Statistics_entropy>0.14</Statistics_entropy>
    </Statistics>
  </Iteration_stat>
  <Iteration_message>No hits found</Iteration_message>
</Iteration>
<Iteration>
  <Iteration_iter-num>24</Iteration_iter-num>
  <Iteration_query-ID>Query_24</Iteration_query-ID>
  <Iteration_query-def>M_4917</Iteration_query-def>
  <Iteration_query-len>9</Iteration_query-len>
<Iteration_hits>
<Hit>
  <Hit_num>1</Hit_num>
  <Hit_id>gnl|BL_ORD_ID|2142</Hit_id>
  <Hit_def>187188|PE family protein PE9|YP_177784.1|Mycobacterium tuberculosis H37Rv|83332</Hit_def>
  <Hit_accession>2142</Hit_accession>
  <Hit_len>15</Hit_len>
  <Hit_hsps>
    <Hsp>
      <Hsp_num>1</Hsp_num>
      <Hsp_bit-score>13.4678</Hsp_bit-score>
      <Hsp_score>23</Hsp_score>
      <Hsp_evalue>10.3735</Hsp_evalue>
      <Hsp_query-from>3</Hsp_query-from>
      <Hsp_query-to>9</Hsp_query-to>
      <Hsp_hit-from>7</Hsp_hit-from>
      <Hsp_hit-to>13</Hsp_hit-to>
      <Hsp_query-frame>0</Hsp_query-frame>
      <Hsp_hit-frame>0</Hsp_hit-frame>
      <Hsp_identity>4</Hsp_identity>
      <Hsp_positive>4</Hsp_positive>
      <Hsp_gaps>0</Hsp_gaps>
      <Hsp_align-len>7</Hsp_align-len>
      <Hsp_qseq>VERYHVL</Hsp_qseq>
      <Hsp_hseq>AEEYHAL</Hsp_hseq>
      <Hsp_midline> E YH L</Hsp_midline>
    </Hsp>
  </Hit_hsps>
</Hit>
</Iteration_hits>
  <Iteration_stat>
    <Statistics>
      <Statistics_db-num>2334</Statistics_db-num>
      <Statistics_db-len>25004</Statistics_db-len>
      <Statistics_hsp-len>0</Statistics_hsp-len>
      <Statistics_eff-space>225036</Statistics_eff-space>
      <Statistics_kappa>0.041</Statistics_kappa>
      <Statistics_lambda>0.267</Statistics_lambda>
      <Statistics_entropy>0.14</Statistics_entropy>
    </Statistics>
  </Iteration_stat>
</Iteration>
<Iteration>
  <Iteration_iter-num>25</Iteration_iter-num>
  <Iteration_query-ID>Query_25</Iteration_query-ID>
  <Iteration_query-def>M_4918</Iteration_query-def>
  <Iteration_query-len>9</Iteration_query-len>
<Iteration_hits>
</Iteration_hits>
  <Iteration_stat>
    <Statistics>
      <Statistics_db-num>2334</Statistics_db-num>
      <Statistics_db-len>25004</Statistics_db-len>
      <Statistics_hsp-len>0</Statistics_hsp-len>
      <Statistics_eff-space>225036</Statistics_eff-space>
      <Statistics_kappa>0.041</Statistics_kappa>
      <Statistics_lambda>0.267</Statistics_lambda>
      <Statistics_entropy>0.14</Statistics_entropy>
    </Statistics>
  </Iteration_stat>
  <Iteration_message>No hits found</Iteration_message>
</Iteration>
<Iteration>
  <Iteration_iter-num>26</Iteration_iter-num>
  <Iteration_query-ID>Query_26</Iteration_query-ID>
  <Iteration_query-def>M_4919</Iteration_query-def>
  <Iteration_query-len>9</Iteration_query-len>
<Iteration_hits>
</Iteration_hits>
  <Iteration_stat>
    <Statistics>
      <Statistics_db-num>2334</Statistics_db-num>
      <Statistics_db-len>25004</Statistics_db-len>
      <Statistics_hsp-len>0</Statistics_hsp-len>
      <Statistics_eff-space>225036</Statistics_eff-space>
      <Statistics_kappa>0.041</Statistics_kappa>
      <Statistics_lambda>0.267</Statistics_lambda>
      <Statistics_entropy>0.14</Statistics_entropy>
    </Statistics>
  </Iteration_stat>
  <Iteration_message>No hits found</Iteration_message>
</Iteration>
<Iteration>
  <Iteration_iter-num>27</Iteration_iter-num>
  <Iteration_query-ID>Query_27</Iteration_query-ID>
  <Iteration_query-def>M_4920</Iteration_query-def>
  <Iteration_query-len>9</Iteration_query-len>
<Iteration_hits>
<Hit>
  <Hit_num>1</Hit_num>
  <Hit_id>gnl|BL_ORD_ID|1872</Hit_id>
  <Hit_def>180496|Polyprotein|NP_056776.2|Dengue virus 2 D2/SG/05K4155DK1/2005|10002010</Hit_def>
  <Hit_accession>1872</Hit_accession>
  <Hit_len>15</Hit_len>
  <Hit_hsps>
    <Hsp>
      <Hsp_num>1</Hsp_num>
      <Hsp_bit-score>12.3122</Hsp_bit-score>
      <Hsp_score>20</Hsp_score>
      <Hsp_evalue>36.7879</Hsp_evalue>
      <Hsp_query-from>2</Hsp_query-from>
      <Hsp_query-to>8</Hsp_query-to>
      <Hsp_hit-from>7</Hsp_hit-from>
      <Hsp_hit-to>13</Hsp_hit-to>
      <Hsp_query-frame>0</Hsp_query-frame>
      <Hsp_hit-frame>0</Hsp_hit-frame>
      <Hsp_identity>3</Hsp_identity>
      <Hsp_positive>5</Hsp_positive>
      <Hsp_gaps>0</Hsp_gaps>
      <Hsp_align-len>7</Hsp_align-len>
      <Hsp_qseq>VWRPLRE</Hsp_qseq>
      <Hsp_hseq>IWLKLKE</Hsp_hseq>
      <Hsp_midline>+W  L+E</Hsp_midline>
    </Hsp>
  </Hit_hsps>
</Hit>
</Iteration_hits>
  <Iteration_stat>
    <Statistics>
      <Statistics_db-num>2334</Statistics_db-num>
      <Statistics_db-len>25004</Statistics_db-len>
      <Statistics_hsp-len>0</Statistics_hsp-len>
      <Statistics_eff-space>225036</Statistics_eff-space>
      <Statistics_kappa>0.041</Statistics_kappa>
      <Statistics_lambda>0.267</Statistics_lambda>
      <Statistics_entropy>0.14</Statistics_entropy>
    </Statistics>
  </Iteration_stat>
</Iteration>
<Iteration>
  <Iteration_iter-num>28</Iteration_iter-num>
  <Iteration_query-ID>Query_28</Iteration_query-ID>
  <Iteration_query-def>M_4921</Iteration_query-def>
  <Iteration_query-len>9</Iteration_query-len>
<Iteration_hits>
</Iteration_hits>
  <Iteration_stat>
    <Statistics>
      <Statistics_db-num>2334</Statistics_db-num>
      <Statistics_db-len>25004</Statistics_db-len>
      <Statistics_hsp-len>0</Statistics_hsp-len>
      <Statistics_eff-space>225036</Statistics_eff-space>
      <Statistics_kappa>0.041</Statistics_kappa>
      <Statistics_lambda>0.267</Statistics_lambda>
      <Statistics_entropy>0.14</Statistics_entropy>
    </Statistics>
  </Iteration_stat>
  <Iteration_message>No hits found</Iteration_message>
</Iteration>
<Iteration>
  <Iteration_iter-num>29</Iteration_iter-num>
  <Iteration_query-ID>Query_29</Iteration_query-ID>
  <Iteration_query-def>M_4922</Iteration_query-def>
  <Iteration_query-len>9</Iteration_query-len>
<Iteration_hits>
<Hit>
  <Hit_num>1</Hit_num>
  <Hit_id>gnl|BL_ORD_ID|690</Hit_id>
  <Hit_def>41971|putative D-ribose-binding protein|NP_301386.1|Mycobacterium leprae|1769</Hit_def>
  <Hit_accession>690</Hit_accession>
  <Hit_len>15</Hit_len>
  <Hit_hsps>
    <Hsp>
      <Hsp_num>1</Hsp_num>
      <Hsp_bit-score>11.5418</Hsp_bit-score>
      <Hsp_score>18</Hsp_score>
      <Hsp_evalue>154.909</Hsp_evalue>
      <Hsp_query-from>2</Hsp_query-from>
      <Hsp_query-to>8</Hsp_query-to>
      <Hsp_hit-from>6</Hsp_hit-from>
      <Hsp_hit-to>12</Hsp_hit-to>
      <Hsp_query-frame>0</Hsp_query-frame>
      <Hsp_hit-frame>0</Hsp_hit-frame>
      <Hsp_identity>4</Hsp_identity>
      <Hsp_positive>5</Hsp_positive>
      <Hsp_gaps>0</Hsp_gaps>
      <Hsp_align-len>7</Hsp_align-len>
      <Hsp_qseq>MLPCALP</Hsp_qseq>
      <Hsp_hseq>LLPAILP</Hsp_hseq>
      <Hsp_midline>+LP  LP</Hsp_midline>
    </Hsp>
  </Hit_hsps>
</Hit>
</Iteration_hits>
  <Iteration_stat>
    <Statistics>
      <Statistics_db-num>2334</Statistics_db-num>
      <Statistics_db-len>25004</Statistics_db-len>
      <Statistics_hsp-len>0</Statistics_hsp-len>
      <Statistics_eff-space>225036</Statistics_eff-space>
      <Statistics_kappa>0.041</Statistics_kappa>
      <Statistics_lambda>0.267</Statistics_lambda>
      <Statistics_entropy>0.14</Statistics_entropy>
    </Statistics>
  </Iteration_stat>
</Iteration>
<Iteration>
  <Iteration_iter-num>30</Iteration_iter-num>
  <Iteration_query-ID>Query_30</Iteration_query-ID>
  <Iteration_query-def>M_4923</Iteration_query-def>
  <Iteration_query-len>9</Iteration_query-len>
<Iteration_hits>
<Hit>
  <Hit_num>1</Hit_num>
  <Hit_id>gnl|BL_ORD_ID|241</Hit_id>
  <Hit_def>16836|precore/core protein [Hepatitis B virus]|AAR03815.1|Hepatitis B virus|10407</Hit_def>
  <Hit_accession>241</Hit_accession>
  <Hit_len>10</Hit_len>
  <Hit_hsps>
    <Hsp>
      <Hsp_num>1</Hsp_num>
      <Hsp_bit-score>10.3862</Hsp_bit-score>
      <Hsp_score>15</Hsp_score>
      <Hsp_evalue>499.131</Hsp_evalue>
      <Hsp_query-from>2</Hsp_query-from>
      <Hsp_query-to>9</Hsp_query-to>
      <Hsp_hit-from>2</Hsp_hit-from>
      <Hsp_hit-to>9</Hsp_hit-to>
      <Hsp_query-frame>0</Hsp_query-frame>
      <Hsp_hit-frame>0</Hsp_hit-frame>
      <Hsp_identity>4</Hsp_identity>
      <Hsp_positive>4</Hsp_positive>
      <Hsp_gaps>0</Hsp_gaps>
      <Hsp_align-len>8</Hsp_align-len>
      <Hsp_qseq>LPEVQLPK</Hsp_qseq>
      <Hsp_hseq>LPSDFLPS</Hsp_hseq>
      <Hsp_midline>LP   LP </Hsp_midline>
    </Hsp>
  </Hit_hsps>
</Hit>
</Iteration_hits>
  <Iteration_stat>
    <Statistics>
      <Statistics_db-num>2334</Statistics_db-num>
      <Statistics_db-len>25004</Statistics_db-len>
      <Statistics_hsp-len>0</Statistics_hsp-len>
      <Statistics_eff-space>225036</Statistics_eff-space>
      <Statistics_kappa>0.041</Statistics_kappa>
      <Statistics_lambda>0.267</Statistics_lambda>
      <Statistics_entropy>0.14</Statistics_entropy>
    </Statistics>
  </Iteration_stat>
</Iteration>
<Iteration>
  <Iteration_iter-num>31</Iteration_iter-num>
  <Iteration_query-ID>Query_31</Iteration_query-ID>
  <Iteration_query-def>M_4924</Iteration_query-def>
  <Iteration_query-len>9</Iteration_query-len>
<Iteration_hits>
</Iteration_hits>
  <Iteration_stat>
    <Statistics>
      <Statistics_db-num>2334</Statistics_db-num>
      <Statistics_db-len>25004</Statistics_db-len>
      <Statistics_hsp-len>0</Statistics_hsp-len>
      <Statistics_eff-space>225036</Statistics_eff-space>
      <Statistics_kappa>0.041</Statistics_kappa>
      <Statistics_lambda>0.267</Statistics_lambda>
      <Statistics_entropy>0.14</Statistics_entropy>
    </Statistics>
  </Iteration_stat>
  <Iteration_message>No hits found</Iteration_message>
</Iteration>
<Iteration>
  <Iteration_iter-num>32</Iteration_iter-num>
  <Iteration_query-ID>Query_32</Iteration_query-ID>
  <Iteration_query-def>M_4925</Iteration_query-def>
  <Iteration_query-len>9</Iteration_query-len>
<Iteration_hits>
<Hit>
  <Hit_num>1</Hit_num>
  <Hit_id>gnl|BL_ORD_ID|1667</Hit_id>
  <Hit_def>148117|early protein|CAA52585.1|Human papillomavirus type 52|10618</Hit_def>
  <Hit_accession>1667</Hit_accession>
  <Hit_len>9</Hit_len>
  <Hit_hsps>
    <Hsp>
      <Hsp_num>1</Hsp_num>
      <Hsp_bit-score>12.6974</Hsp_bit-score>
      <Hsp_score>21</Hsp_score>
      <Hsp_evalue>26.9236</Hsp_evalue>
      <Hsp_query-from>2</Hsp_query-from>
      <Hsp_query-to>6</Hsp_query-to>
      <Hsp_hit-from>1</Hsp_hit-from>
      <Hsp_hit-to>5</Hsp_hit-to>
      <Hsp_query-frame>0</Hsp_query-frame>
      <Hsp_hit-frame>0</Hsp_hit-frame>
      <Hsp_identity>4</Hsp_identity>
      <Hsp_positive>4</Hsp_positive>
      <Hsp_gaps>0</Hsp_gaps>
      <Hsp_align-len>5</Hsp_align-len>
      <Hsp_qseq>PRGVC</Hsp_qseq>
      <Hsp_hseq>PYGVC</Hsp_hseq>
      <Hsp_midline>P GVC</Hsp_midline>
    </Hsp>
  </Hit_hsps>
</Hit>
</Iteration_hits>
  <Iteration_stat>
    <Statistics>
      <Statistics_db-num>2334</Statistics_db-num>
      <Statistics_db-len>25004</Statistics_db-len>
      <Statistics_hsp-len>0</Statistics_hsp-len>
      <Statistics_eff-space>225036</Statistics_eff-space>
      <Statistics_kappa>0.041</Statistics_kappa>
      <Statistics_lambda>0.267</Statistics_lambda>
      <Statistics_entropy>0.14</Statistics_entropy>
    </Statistics>
  </Iteration_stat>
</Iteration>
<Iteration>
  <Iteration_iter-num>33</Iteration_iter-num>
  <Iteration_query-ID>Query_33</Iteration_query-ID>
  <Iteration_query-def>M_4926</Iteration_query-def>
  <Iteration_query-len>9</Iteration_query-len>
<Iteration_hits>
<Hit>
  <Hit_num>1</Hit_num>
  <Hit_id>gnl|BL_ORD_ID|1686</Hit_id>
  <Hit_def>149052|E1 protein|NP_751920.1|Hepatitis C virus (isolate H77)|63746</Hit_def>
  <Hit_accession>1686</Hit_accession>
  <Hit_len>18</Hit_len>
  <Hit_hsps>
    <Hsp>
      <Hsp_num>1</Hsp_num>
      <Hsp_bit-score>12.3122</Hsp_bit-score>
      <Hsp_score>20</Hsp_score>
      <Hsp_evalue>44.435</Hsp_evalue>
      <Hsp_query-from>3</Hsp_query-from>
      <Hsp_query-to>9</Hsp_query-to>
      <Hsp_hit-from>10</Hsp_hit-from>
      <Hsp_hit-to>16</Hsp_hit-to>
      <Hsp_query-frame>0</Hsp_query-frame>
      <Hsp_hit-frame>0</Hsp_hit-frame>
      <Hsp_identity>4</Hsp_identity>
      <Hsp_positive>5</Hsp_positive>
      <Hsp_gaps>0</Hsp_gaps>
      <Hsp_align-len>7</Hsp_align-len>
      <Hsp_qseq>TWAVVLI</Hsp_qseq>
      <Hsp_hseq>NWAKVLV</Hsp_hseq>
      <Hsp_midline> WA VL+</Hsp_midline>
    </Hsp>
  </Hit_hsps>
</Hit>
</Iteration_hits>
  <Iteration_stat>
    <Statistics>
      <Statistics_db-num>2334</Statistics_db-num>
      <Statistics_db-len>25004</Statistics_db-len>
      <Statistics_hsp-len>0</Statistics_hsp-len>
      <Statistics_eff-space>225036</Statistics_eff-space>
      <Statistics_kappa>0.041</Statistics_kappa>
      <Statistics_lambda>0.267</Statistics_lambda>
      <Statistics_entropy>0.14</Statistics_entropy>
    </Statistics>
  </Iteration_stat>
</Iteration>
<Iteration>
  <Iteration_iter-num>34</Iteration_iter-num>
  <Iteration_query-ID>Query_34</Iteration_query-ID>
  <Iteration_query-def>M_4927</Iteration_query-def>
  <Iteration_query-len>9</Iteration_query-len>
<Iteration_hits>
</Iteration_hits>
  <Iteration_stat>
    <Statistics>
      <Statistics_db-num>2334</Statistics_db-num>
      <Statistics_db-len>25004</Statistics_db-len>
      <Statistics_hsp-len>0</Statistics_hsp-len>
      <Statistics_eff-space>225036</Statistics_eff-space>
      <Statistics_kappa>0.041</Statistics_kappa>
      <Statistics_lambda>0.267</Statistics_lambda>
      <Statistics_entropy>0.14</Statistics_entropy>
    </Statistics>
  </Iteration_stat>
  <Iteration_message>No hits found</Iteration_message>
</Iteration>
<Iteration>
  <Iteration_iter-num>35</Iteration_iter-num>
  <Iteration_query-ID>Query_35</Iteration_query-ID>
  <Iteration_query-def>M_4928</Iteration_query-def>
  <Iteration_query-len>9</Iteration_query-len>
<Iteration_hits>
<Hit>
  <Hit_num>1</Hit_num>
  <Hit_id>gnl|BL_ORD_ID|2019</Hit_id>
  <Hit_def>184131|polyprotein|AGO67248.1|Dengue virus 2|11060</Hit_def>
  <Hit_accession>2019</Hit_accession>
  <Hit_len>10</Hit_len>
  <Hit_hsps>
    <Hsp>
      <Hsp_num>1</Hsp_num>
      <Hsp_bit-score>12.6974</Hsp_bit-score>
      <Hsp_score>21</Hsp_score>
      <Hsp_evalue>23.5358</Hsp_evalue>
      <Hsp_query-from>2</Hsp_query-from>
      <Hsp_query-to>8</Hsp_query-to>
      <Hsp_hit-from>1</Hsp_hit-from>
      <Hsp_hit-to>7</Hsp_hit-to>
      <Hsp_query-frame>0</Hsp_query-frame>
      <Hsp_hit-frame>0</Hsp_hit-frame>
      <Hsp_identity>3</Hsp_identity>
      <Hsp_positive>4</Hsp_positive>
      <Hsp_gaps>0</Hsp_gaps>
      <Hsp_align-len>7</Hsp_align-len>
      <Hsp_qseq>RNEDHWA</Hsp_qseq>
      <Hsp_hseq>KREDQWC</Hsp_hseq>
      <Hsp_midline>+ ED W </Hsp_midline>
    </Hsp>
  </Hit_hsps>
</Hit>
<Hit>
  <Hit_num>2</Hit_num>
  <Hit_id>gnl|BL_ORD_ID|805</Hit_id>
  <Hit_def>53476|polyprotein|AGO67248.1|Dengue virus 2|11060</Hit_def>
  <Hit_accession>805</Hit_accession>
  <Hit_len>9</Hit_len>
  <Hit_hsps>
    <Hsp>
      <Hsp_num>1</Hsp_num>
      <Hsp_bit-score>12.3122</Hsp_bit-score>
      <Hsp_score>20</Hsp_score>
      <Hsp_evalue>65.8473</Hsp_evalue>
      <Hsp_query-from>4</Hsp_query-from>
      <Hsp_query-to>8</Hsp_query-to>
      <Hsp_hit-from>2</Hsp_hit-from>
      <Hsp_hit-to>6</Hsp_hit-to>
      <Hsp_query-frame>0</Hsp_query-frame>
      <Hsp_hit-frame>0</Hsp_hit-frame>
      <Hsp_identity>3</Hsp_identity>
      <Hsp_positive>3</Hsp_positive>
      <Hsp_gaps>0</Hsp_gaps>
      <Hsp_align-len>5</Hsp_align-len>
      <Hsp_qseq>EDHWA</Hsp_qseq>
      <Hsp_hseq>EDQWC</Hsp_hseq>
      <Hsp_midline>ED W </Hsp_midline>
    </Hsp>
  </Hit_hsps>
</Hit>
</Iteration_hits>
  <Iteration_stat>
    <Statistics>
      <Statistics_db-num>2334</Statistics_db-num>
      <Statistics_db-len>25004</Statistics_db-len>
      <Statistics_hsp-len>0</Statistics_hsp-len>
      <Statistics_eff-space>225036</Statistics_eff-space>
      <Statistics_kappa>0.041</Statistics_kappa>
      <Statistics_lambda>0.267</Statistics_lambda>
      <Statistics_entropy>0.14</Statistics_entropy>
    </Statistics>
  </Iteration_stat>
</Iteration>
<Iteration>
  <Iteration_iter-num>36</Iteration_iter-num>
  <Iteration_query-ID>Query_36</Iteration_query-ID>
  <Iteration_query-def>M_4929</Iteration_query-def>
  <Iteration_query-len>9</Iteration_query-len>
<Iteration_hits>
</Iteration_hits>
  <Iteration_stat>
    <Statistics>
      <Statistics_db-num>2334</Statistics_db-num>
      <Statistics_db-len>25004</Statistics_db-len>
      <Statistics_hsp-len>0</Statistics_hsp-len>
      <Statistics_eff-space>225036</Statistics_eff-space>
      <Statistics_kappa>0.041</Statistics_kappa>
      <Statistics_lambda>0.267</Statistics_lambda>
      <Statistics_entropy>0.14</Statistics_entropy>
    </Statistics>
  </Iteration_stat>
  <Iteration_message>No hits found</Iteration_message>
</Iteration>
<Iteration>
  <Iteration_iter-num>37</Iteration_iter-num>
  <Iteration_query-ID>Query_37</Iteration_query-ID>
  <Iteration_query-def>M_4930</Iteration_query-def>
  <Iteration_query-len>9</Iteration_query-len>
<Iteration_hits>
</Iteration_hits>
  <Iteration_stat>
    <Statistics>
      <Statistics_db-num>2334</Statistics_db-num>
      <Statistics_db-len>25004</Statistics_db-len>
      <Statistics_hsp-len>0</Statistics_hsp-len>
      <Statistics_eff-space>225036</Statistics_eff-space>
      <Statistics_kappa>0.041</Statistics_kappa>
      <Statistics_lambda>0.267</Statistics_lambda>
      <Statistics_entropy>0.14</Statistics_entropy>
    </Statistics>
  </Iteration_stat>
  <Iteration_message>No hits found</Iteration_message>
</Iteration>
<Iteration>
  <Iteration_iter-num>38</Iteration_iter-num>
  <Iteration_query-ID>Query_38</Iteration_query-ID>
  <Iteration_query-def>M_4931</Iteration_query-def>
  <Iteration_query-len>9</Iteration_query-len>
<Iteration_hits>
</Iteration_hits>
  <Iteration_stat>
    <Statistics>
      <Statistics_db-num>2334</Statistics_db-num>
      <Statistics_db-len>25004</Statistics_db-len>
      <Statistics_hsp-len>0</Statistics_hsp-len>
      <Statistics_eff-space>225036</Statistics_eff-space>
      <Statistics_kappa>0.041</Statistics_kappa>
      <Statistics_lambda>0.267</Statistics_lambda>
      <Statistics_entropy>0.14</Statistics_entropy>
    </Statistics>
  </Iteration_stat>
  <Iteration_message>No hits found</Iteration_message>
</Iteration>
<Iteration>
  <Iteration_iter-num>39</Iteration_iter-num>
  <Iteration_query-ID>Query_39</Iteration_query-ID>
  <Iteration_query-def>M_4932</Iteration_query-def>
  <Iteration_query-len>9</Iteration_query-len>
<Iteration_hits>
</Iteration_hits>
  <Iteration_stat>
    <Statistics>
      <Statistics_db-num>2334</Statistics_db-num>
      <Statistics_db-len>25004</Statistics_db-len>
      <Statistics_hsp-len>0</Statistics_hsp-len>
      <Statistics_eff-space>225036</Statistics_eff-space>
      <Statistics_kappa>0.041</Statistics_kappa>
      <Statistics_lambda>0.267</Statistics_lambda>
      <Statistics_entropy>0.14</Statistics_entropy>
    </Statistics>
  </Iteration_stat>
  <Iteration_message>No hits found</Iteration_message>
</Iteration>
</BlastOutput_iterations>
</BlastOutput>

